UserID,PlanName,MonthlyFee,SubscriptionStart,SubscriptionEnd,IsActive
10000,Premium Cloud Storage,14.99,2022-02-22,,True
10002,Premium Cloud Storage,9.99,2022-02-20,2022-06-02,False
10004,Premium Cloud Storage,14.99,2022-09-28,,True
10006,Premium Cloud Storage,14.99,2022-06-16,,True
10010,Premium Cloud Storage,14.99,2022-11-09,2023-02-14,False
10016,Premium Cloud Storage,14.99,2022-03-16,,True
10020,Premium Cloud Storage,9.99,2022-01-20,,True
10022,Premium Cloud Storage,14.99,2022-04-07,,True
10023,Premium Cloud Storage,14.99,2022-01-23,,True
10026,Premium Cloud Storage,14.99,2022-06-02,,True
10028,Premium Cloud Storage,9.99,2022-12-07,,True
10029,Premium Cloud Storage,14.99,2022-04-26,,True
10030,Premium Cloud Storage,9.99,2022-02-05,,True
10036,Premium Cloud Storage,14.99,2022-10-22,,True
10039,Premium Cloud Storage,9.99,2022-08-27,,True
10040,Premium Cloud Storage,14.99,2022-02-11,2022-06-12,False
10042,Premium Cloud Storage,14.99,2022-01-19,2022-07-27,False
10045,Premium Cloud Storage,9.99,2022-08-21,2022-12-13,False
10047,Premium Cloud Storage,9.99,2022-10-07,,True
10049,Premium Cloud Storage,14.99,2022-01-12,,True
10058,Premium Cloud Storage,14.99,2022-01-21,,True
10060,Premium Cloud Storage,14.99,2022-01-14,,True
10065,Premium Cloud Storage,9.99,2022-05-16,2022-12-03,False
10068,Premium Cloud Storage,14.99,2022-05-21,,True
10071,Premium Cloud Storage,14.99,2022-01-19,2022-05-21,False
10072,Premium Cloud Storage,14.99,2022-09-15,2023-01-24,False
10074,Premium Cloud Storage,9.99,2022-05-17,,True
10076,Premium Cloud Storage,9.99,2022-08-25,,True
10077,Premium Cloud Storage,14.99,2022-01-13,,True
10078,Premium Cloud Storage,14.99,2022-08-12,,True
10082,Premium Cloud Storage,14.99,2023-01-04,,True
10083,Premium Cloud Storage,14.99,2022-09-14,,True
10084,Premium Cloud Storage,14.99,2022-01-22,,True
10086,Premium Cloud Storage,9.99,2022-09-11,,True
10087,Premium Cloud Storage,9.99,2022-12-11,2023-04-14,False
10105,Premium Cloud Storage,14.99,2022-02-25,2022-07-13,False
10111,Premium Cloud Storage,14.99,2022-07-30,,True
10112,Premium Cloud Storage,9.99,2022-09-09,,True
10119,Premium Cloud Storage,9.99,2022-08-15,,True
10123,Premium Cloud Storage,14.99,2022-11-12,,True
10125,Premium Cloud Storage,9.99,2022-10-21,,True
10126,Premium Cloud Storage,9.99,2022-03-22,,True
10128,Premium Cloud Storage,14.99,2022-07-07,2022-11-25,False
10131,Premium Cloud Storage,14.99,2022-10-21,,True
10135,Premium Cloud Storage,14.99,2022-08-15,,True
10138,Premium Cloud Storage,14.99,2022-09-01,,True
10141,Premium Cloud Storage,14.99,2022-03-12,,True
10144,Premium Cloud Storage,14.99,2022-08-05,,True
10145,Premium Cloud Storage,14.99,2022-09-26,,True
10148,Premium Cloud Storage,14.99,2022-08-19,2023-03-13,False
10151,Premium Cloud Storage,14.99,2022-10-22,,True
10156,Premium Cloud Storage,9.99,2022-03-22,2022-10-16,False
10157,Premium Cloud Storage,9.99,2022-01-31,,True
10158,Premium Cloud Storage,14.99,2022-06-25,2023-02-16,False
10159,Premium Cloud Storage,9.99,2022-11-07,,True
10168,Premium Cloud Storage,14.99,2022-01-24,2022-06-14,False
10171,Premium Cloud Storage,14.99,2022-11-30,,True
10172,Premium Cloud Storage,9.99,2022-02-12,2022-08-27,False
10176,Premium Cloud Storage,9.99,2022-10-11,,True
10178,Premium Cloud Storage,9.99,2022-09-16,2023-05-07,False
10179,Premium Cloud Storage,14.99,2022-11-19,,True
10181,Premium Cloud Storage,14.99,2022-11-18,,True
10188,Premium Cloud Storage,9.99,2022-04-28,2022-11-17,False
10189,Premium Cloud Storage,14.99,2022-01-06,,True
10193,Premium Cloud Storage,9.99,2022-10-24,,True
10195,Premium Cloud Storage,14.99,2022-04-12,2022-09-06,False
10199,Premium Cloud Storage,9.99,2022-09-18,2022-10-29,False
10201,Premium Cloud Storage,14.99,2022-05-01,,True
10202,Premium Cloud Storage,14.99,2022-06-15,,True
10209,Premium Cloud Storage,14.99,2022-07-26,,True
10210,Premium Cloud Storage,9.99,2022-01-20,2022-03-19,False
10213,Premium Cloud Storage,14.99,2022-07-09,,True
10214,Premium Cloud Storage,9.99,2022-12-01,,True
10215,Premium Cloud Storage,14.99,2022-02-02,,True
10219,Premium Cloud Storage,9.99,2022-11-15,,True
10222,Premium Cloud Storage,14.99,2022-07-03,,True
10224,Premium Cloud Storage,14.99,2022-05-30,2022-08-25,False
10225,Premium Cloud Storage,14.99,2022-12-31,2023-04-10,False
10227,Premium Cloud Storage,14.99,2022-05-16,2022-07-25,False
10229,Premium Cloud Storage,9.99,2022-02-12,,True
10235,Premium Cloud Storage,9.99,2022-12-15,,True
10237,Premium Cloud Storage,14.99,2022-03-18,2022-11-07,False
10239,Premium Cloud Storage,14.99,2022-04-19,,True
10244,Premium Cloud Storage,14.99,2022-09-02,,True
10248,Premium Cloud Storage,9.99,2022-05-08,,True
10249,Premium Cloud Storage,9.99,2022-05-25,2023-01-11,False
10250,Premium Cloud Storage,14.99,2022-07-18,,True
10255,Premium Cloud Storage,9.99,2022-06-19,2023-01-26,False
10257,Premium Cloud Storage,9.99,2023-01-10,,True
10263,Premium Cloud Storage,9.99,2022-08-16,2022-11-18,False
10265,Premium Cloud Storage,9.99,2022-01-19,2022-04-07,False
10272,Premium Cloud Storage,9.99,2022-07-27,2023-01-15,False
10273,Premium Cloud Storage,9.99,2022-08-24,,True
10276,Premium Cloud Storage,9.99,2022-04-22,2022-06-06,False
10281,Premium Cloud Storage,14.99,2022-11-29,,True
10284,Premium Cloud Storage,9.99,2022-03-14,2022-04-25,False
10287,Premium Cloud Storage,9.99,2022-07-26,,True
10296,Premium Cloud Storage,9.99,2022-08-14,2022-12-10,False
10297,Premium Cloud Storage,14.99,2022-03-31,,True
10302,Premium Cloud Storage,9.99,2022-12-20,,True
10304,Premium Cloud Storage,9.99,2022-10-22,,True
10308,Premium Cloud Storage,9.99,2022-04-17,,True
10309,Premium Cloud Storage,14.99,2022-01-19,,True
10310,Premium Cloud Storage,9.99,2022-03-10,2022-05-12,False
10314,Premium Cloud Storage,9.99,2022-05-02,2022-06-03,False
10315,Premium Cloud Storage,9.99,2022-08-20,2022-12-27,False
10316,Premium Cloud Storage,9.99,2022-04-18,,True
10319,Premium Cloud Storage,14.99,2022-09-24,,True
10323,Premium Cloud Storage,14.99,2022-12-03,,True
10330,Premium Cloud Storage,14.99,2022-06-22,,True
10331,Premium Cloud Storage,9.99,2022-12-25,,True
10332,Premium Cloud Storage,14.99,2022-08-14,,True
10335,Premium Cloud Storage,14.99,2022-12-16,,True
10337,Premium Cloud Storage,9.99,2022-06-30,2022-08-28,False
10338,Premium Cloud Storage,9.99,2022-06-20,,True
10340,Premium Cloud Storage,9.99,2022-04-10,2022-05-10,False
10342,Premium Cloud Storage,14.99,2022-11-01,2023-01-03,False
10343,Premium Cloud Storage,9.99,2022-06-08,,True
10347,Premium Cloud Storage,14.99,2022-07-22,2022-09-09,False
10351,Premium Cloud Storage,9.99,2022-09-12,,True
10353,Premium Cloud Storage,14.99,2022-06-22,,True
10356,Premium Cloud Storage,14.99,2022-11-02,,True
10365,Premium Cloud Storage,14.99,2022-12-16,,True
10368,Premium Cloud Storage,14.99,2022-05-05,,True
10370,Premium Cloud Storage,14.99,2022-03-20,,True
10373,Premium Cloud Storage,9.99,2022-07-18,2022-11-30,False
10374,Premium Cloud Storage,14.99,2022-12-23,,True
10375,Premium Cloud Storage,14.99,2022-02-14,2022-07-26,False
10377,Premium Cloud Storage,14.99,2022-12-11,,True
10378,Premium Cloud Storage,9.99,2022-09-06,,True
10385,Premium Cloud Storage,9.99,2022-06-04,,True
10386,Premium Cloud Storage,14.99,2022-02-11,,True
10388,Premium Cloud Storage,9.99,2022-02-19,,True
10390,Premium Cloud Storage,9.99,2022-03-09,,True
10391,Premium Cloud Storage,9.99,2023-01-04,,True
10392,Premium Cloud Storage,14.99,2022-11-17,2023-01-18,False
10400,Premium Cloud Storage,14.99,2022-07-18,,True
10403,Premium Cloud Storage,9.99,2022-09-24,,True
10405,Premium Cloud Storage,9.99,2022-10-30,,True
10407,Premium Cloud Storage,14.99,2022-01-12,,True
10412,Premium Cloud Storage,9.99,2022-04-12,,True
10414,Premium Cloud Storage,9.99,2022-03-22,,True
10415,Premium Cloud Storage,9.99,2022-03-30,2022-07-10,False
10419,Premium Cloud Storage,9.99,2022-09-26,2023-04-05,False
10422,Premium Cloud Storage,14.99,2022-02-28,,True
10424,Premium Cloud Storage,14.99,2022-03-08,2022-10-27,False
10425,Premium Cloud Storage,9.99,2022-11-11,,True
10427,Premium Cloud Storage,9.99,2022-06-28,,True
10429,Premium Cloud Storage,14.99,2022-03-11,2022-05-22,False
10435,Premium Cloud Storage,9.99,2022-04-11,2022-06-28,False
10436,Premium Cloud Storage,14.99,2022-08-16,2022-10-10,False
10439,Premium Cloud Storage,14.99,2022-04-30,,True
10452,Premium Cloud Storage,9.99,2022-07-08,,True
10453,Premium Cloud Storage,9.99,2022-02-03,,True
10454,Premium Cloud Storage,14.99,2022-06-16,2022-07-18,False
10455,Premium Cloud Storage,9.99,2022-01-14,,True
10466,Premium Cloud Storage,14.99,2022-10-09,,True
10472,Premium Cloud Storage,14.99,2022-05-15,,True
10477,Premium Cloud Storage,9.99,2022-12-28,2023-03-25,False
10479,Premium Cloud Storage,9.99,2022-07-27,,True
10480,Premium Cloud Storage,9.99,2022-04-07,,True
10484,Premium Cloud Storage,9.99,2022-10-14,2023-03-12,False
10485,Premium Cloud Storage,9.99,2022-08-06,2023-01-21,False
10489,Premium Cloud Storage,9.99,2022-02-18,2022-09-14,False
10491,Premium Cloud Storage,9.99,2022-10-15,,True
10492,Premium Cloud Storage,14.99,2022-12-02,,True
10497,Premium Cloud Storage,14.99,2022-03-04,,True
10503,Premium Cloud Storage,9.99,2022-09-09,,True
10506,Premium Cloud Storage,9.99,2022-02-12,,True
10507,Premium Cloud Storage,9.99,2022-07-19,2022-10-21,False
10508,Premium Cloud Storage,9.99,2022-06-08,,True
10509,Premium Cloud Storage,9.99,2022-07-26,,True
10510,Premium Cloud Storage,9.99,2022-07-17,,True
10512,Premium Cloud Storage,9.99,2022-10-20,,True
10519,Premium Cloud Storage,14.99,2022-03-02,,True
10521,Premium Cloud Storage,14.99,2022-10-08,2023-04-29,False
10526,Premium Cloud Storage,9.99,2022-08-04,,True
10527,Premium Cloud Storage,14.99,2022-04-19,2022-08-11,False
10534,Premium Cloud Storage,9.99,2022-09-30,,True
10536,Premium Cloud Storage,9.99,2022-07-18,,True
10538,Premium Cloud Storage,9.99,2022-10-14,,True
10544,Premium Cloud Storage,9.99,2022-04-22,2022-11-30,False
10545,Premium Cloud Storage,14.99,2022-05-11,,True
10552,Premium Cloud Storage,9.99,2022-06-04,2022-11-04,False
10556,Premium Cloud Storage,14.99,2022-06-21,,True
10561,Premium Cloud Storage,14.99,2022-06-20,,True
10564,Premium Cloud Storage,14.99,2022-07-30,,True
10569,Premium Cloud Storage,14.99,2022-03-26,,True
10571,Premium Cloud Storage,9.99,2022-06-11,,True
10574,Premium Cloud Storage,9.99,2022-07-30,2022-11-12,False
10575,Premium Cloud Storage,9.99,2022-07-14,,True
10576,Premium Cloud Storage,14.99,2022-09-03,2023-04-30,False
10577,Premium Cloud Storage,9.99,2022-08-01,,True
10588,Premium Cloud Storage,14.99,2022-05-24,2022-07-07,False
10590,Premium Cloud Storage,14.99,2022-12-22,,True
10591,Premium Cloud Storage,9.99,2022-06-02,2022-07-13,False
10592,Premium Cloud Storage,14.99,2022-04-24,,True
10594,Premium Cloud Storage,9.99,2022-04-21,,True
10595,Premium Cloud Storage,9.99,2022-07-08,,True
10598,Premium Cloud Storage,14.99,2022-12-27,,True
10599,Premium Cloud Storage,14.99,2022-06-05,,True
10602,Premium Cloud Storage,14.99,2022-05-09,,True
10603,Premium Cloud Storage,14.99,2022-01-18,2022-09-02,False
10604,Premium Cloud Storage,14.99,2022-07-27,,True
10605,Premium Cloud Storage,9.99,2022-12-02,,True
10606,Premium Cloud Storage,14.99,2022-11-20,,True
10607,Premium Cloud Storage,14.99,2022-11-06,,True
10612,Premium Cloud Storage,9.99,2022-02-23,,True
10613,Premium Cloud Storage,14.99,2022-11-22,,True
10619,Premium Cloud Storage,9.99,2022-06-28,,True
10620,Premium Cloud Storage,14.99,2022-12-27,,True
10624,Premium Cloud Storage,9.99,2022-03-20,2022-06-03,False
10626,Premium Cloud Storage,9.99,2022-03-10,2022-08-23,False
10634,Premium Cloud Storage,14.99,2022-01-05,,True
10635,Premium Cloud Storage,9.99,2022-05-26,,True
10637,Premium Cloud Storage,14.99,2022-03-30,,True
10640,Premium Cloud Storage,14.99,2022-05-16,,True
10642,Premium Cloud Storage,14.99,2022-12-02,,True
10644,Premium Cloud Storage,14.99,2022-07-30,,True
10655,Premium Cloud Storage,14.99,2022-11-07,,True
10657,Premium Cloud Storage,14.99,2022-03-02,,True
10660,Premium Cloud Storage,14.99,2022-11-26,,True
10664,Premium Cloud Storage,14.99,2022-06-07,,True
10665,Premium Cloud Storage,14.99,2022-10-02,,True
10668,Premium Cloud Storage,14.99,2022-09-05,,True
10669,Premium Cloud Storage,14.99,2022-12-26,,True
10672,Premium Cloud Storage,14.99,2022-09-14,2023-03-02,False
10676,Premium Cloud Storage,14.99,2022-11-16,,True
10680,Premium Cloud Storage,9.99,2022-04-18,2022-10-10,False
10681,Premium Cloud Storage,14.99,2022-11-25,2023-05-12,False
10685,Premium Cloud Storage,9.99,2022-04-04,,True
10686,Premium Cloud Storage,9.99,2022-04-22,,True
10690,Premium Cloud Storage,14.99,2022-11-17,,True
10691,Premium Cloud Storage,9.99,2022-07-01,2023-01-04,False
10692,Premium Cloud Storage,9.99,2022-09-26,2023-05-21,False
10693,Premium Cloud Storage,14.99,2022-01-14,,True
10705,Premium Cloud Storage,9.99,2022-01-23,2022-09-17,False
10708,Premium Cloud Storage,14.99,2022-07-16,,True
10711,Premium Cloud Storage,9.99,2022-06-20,2023-01-12,False
10712,Premium Cloud Storage,9.99,2022-03-14,,True
10713,Premium Cloud Storage,9.99,2022-08-01,2022-11-14,False
10714,Premium Cloud Storage,14.99,2022-02-07,,True
10715,Premium Cloud Storage,9.99,2022-03-28,,True
10721,Premium Cloud Storage,14.99,2022-01-25,,True
10726,Premium Cloud Storage,14.99,2022-02-21,,True
10728,Premium Cloud Storage,14.99,2022-04-12,,True
10729,Premium Cloud Storage,14.99,2022-09-03,,True
10730,Premium Cloud Storage,14.99,2022-03-14,,True
10732,Premium Cloud Storage,9.99,2022-05-20,2022-11-26,False
10736,Premium Cloud Storage,14.99,2022-12-13,,True
10738,Premium Cloud Storage,9.99,2022-12-17,2023-03-14,False
10741,Premium Cloud Storage,14.99,2022-02-25,,True
10742,Premium Cloud Storage,9.99,2022-02-22,2022-10-11,False
10744,Premium Cloud Storage,14.99,2022-10-16,2023-04-18,False
10747,Premium Cloud Storage,9.99,2022-05-20,,True
10750,Premium Cloud Storage,14.99,2022-10-24,,True
10751,Premium Cloud Storage,9.99,2022-09-08,,True
10752,Premium Cloud Storage,9.99,2022-11-25,,True
10758,Premium Cloud Storage,9.99,2022-11-07,2022-12-17,False
10762,Premium Cloud Storage,14.99,2022-01-17,,True
10763,Premium Cloud Storage,9.99,2022-11-13,2023-01-10,False
10764,Premium Cloud Storage,14.99,2023-01-03,,True
10768,Premium Cloud Storage,14.99,2022-01-09,,True
10771,Premium Cloud Storage,9.99,2022-11-24,,True
10772,Premium Cloud Storage,14.99,2022-11-28,2023-05-12,False
10774,Premium Cloud Storage,9.99,2022-07-06,2023-01-28,False
10775,Premium Cloud Storage,14.99,2022-08-24,,True
10776,Premium Cloud Storage,14.99,2022-11-08,,True
10779,Premium Cloud Storage,9.99,2022-07-16,,True
10783,Premium Cloud Storage,14.99,2022-05-12,,True
10787,Premium Cloud Storage,9.99,2022-07-07,,True
10788,Premium Cloud Storage,9.99,2022-02-11,2022-06-03,False
10790,Premium Cloud Storage,14.99,2022-03-07,,True
10791,Premium Cloud Storage,9.99,2022-08-17,,True
10796,Premium Cloud Storage,9.99,2022-03-06,,True
10806,Premium Cloud Storage,9.99,2022-01-16,2022-02-23,False
10810,Premium Cloud Storage,9.99,2022-01-25,2022-09-12,False
10811,Premium Cloud Storage,9.99,2022-02-15,,True
10812,Premium Cloud Storage,14.99,2022-08-16,,True
10814,Premium Cloud Storage,9.99,2022-02-17,2022-08-03,False
10816,Premium Cloud Storage,9.99,2022-04-07,,True
10817,Premium Cloud Storage,14.99,2022-06-24,,True
10818,Premium Cloud Storage,14.99,2022-04-29,,True
10822,Premium Cloud Storage,14.99,2022-04-13,,True
10823,Premium Cloud Storage,14.99,2022-10-23,,True
10825,Premium Cloud Storage,9.99,2022-04-21,,True
10827,Premium Cloud Storage,14.99,2022-02-13,,True
10833,Premium Cloud Storage,14.99,2022-03-20,,True
10838,Premium Cloud Storage,9.99,2022-07-13,,True
10840,Premium Cloud Storage,14.99,2022-04-29,,True
10842,Premium Cloud Storage,14.99,2022-06-22,,True
10844,Premium Cloud Storage,14.99,2022-02-24,,True
10846,Premium Cloud Storage,14.99,2022-07-03,,True
10848,Premium Cloud Storage,9.99,2022-07-14,2022-10-04,False
10851,Premium Cloud Storage,9.99,2022-09-14,,True
10852,Premium Cloud Storage,14.99,2022-08-31,,True
10853,Premium Cloud Storage,9.99,2022-01-31,2022-03-29,False
10857,Premium Cloud Storage,9.99,2022-10-08,,True
10858,Premium Cloud Storage,9.99,2022-05-11,2022-06-13,False
10859,Premium Cloud Storage,14.99,2022-06-01,,True
10860,Premium Cloud Storage,9.99,2022-09-21,2023-01-27,False
10861,Premium Cloud Storage,9.99,2022-06-02,,True
10862,Premium Cloud Storage,9.99,2022-09-28,,True
10863,Premium Cloud Storage,9.99,2022-02-28,,True
10864,Premium Cloud Storage,9.99,2022-12-30,,True
10866,Premium Cloud Storage,14.99,2022-08-02,2022-10-13,False
10868,Premium Cloud Storage,9.99,2022-08-25,,True
10870,Premium Cloud Storage,14.99,2022-11-22,2023-03-21,False
10874,Premium Cloud Storage,14.99,2022-07-06,,True
10875,Premium Cloud Storage,14.99,2022-11-27,,True
10879,Premium Cloud Storage,14.99,2022-09-28,,True
10880,Premium Cloud Storage,14.99,2022-04-17,,True
10881,Premium Cloud Storage,9.99,2022-05-08,2022-11-06,False
10889,Premium Cloud Storage,14.99,2022-09-25,,True
10891,Premium Cloud Storage,9.99,2022-11-04,,True
10895,Premium Cloud Storage,14.99,2022-10-04,,True
10896,Premium Cloud Storage,14.99,2022-10-05,,True
10899,Premium Cloud Storage,14.99,2022-10-15,,True
10901,Premium Cloud Storage,14.99,2022-10-31,,True
10903,Premium Cloud Storage,9.99,2022-02-15,2022-03-22,False
10905,Premium Cloud Storage,9.99,2022-12-04,,True
10910,Premium Cloud Storage,9.99,2022-06-27,,True
10912,Premium Cloud Storage,9.99,2022-01-20,2022-08-27,False
10925,Premium Cloud Storage,14.99,2022-02-12,,True
10927,Premium Cloud Storage,9.99,2022-02-23,,True
10929,Premium Cloud Storage,14.99,2023-01-02,,True
10931,Premium Cloud Storage,9.99,2022-03-10,,True
10939,Premium Cloud Storage,9.99,2022-06-06,2022-07-29,False
10942,Premium Cloud Storage,9.99,2022-03-17,,True
10944,Premium Cloud Storage,14.99,2022-05-07,,True
10945,Premium Cloud Storage,14.99,2022-11-18,,True
10946,Premium Cloud Storage,14.99,2022-11-26,,True
10950,Premium Cloud Storage,9.99,2022-03-27,,True
10952,Premium Cloud Storage,14.99,2022-01-03,,True
10956,Premium Cloud Storage,9.99,2022-04-14,2022-09-21,False
10959,Premium Cloud Storage,9.99,2022-03-07,,True
10964,Premium Cloud Storage,14.99,2022-08-28,,True
10966,Premium Cloud Storage,9.99,2022-09-19,,True
10967,Premium Cloud Storage,14.99,2022-02-25,2022-07-19,False
10970,Premium Cloud Storage,9.99,2022-08-12,,True
10971,Premium Cloud Storage,9.99,2022-11-07,,True
10973,Premium Cloud Storage,14.99,2022-02-05,,True
10975,Premium Cloud Storage,14.99,2022-01-31,,True
10976,Premium Cloud Storage,9.99,2022-01-30,2022-03-16,False
10977,Premium Cloud Storage,14.99,2022-01-25,,True
10980,Premium Cloud Storage,14.99,2022-07-30,,True
10982,Premium Cloud Storage,14.99,2022-09-09,,True
10983,Premium Cloud Storage,14.99,2022-10-02,,True
10984,Premium Cloud Storage,9.99,2022-07-22,,True
10987,Premium Cloud Storage,9.99,2022-04-30,,True
10988,Premium Cloud Storage,14.99,2022-03-20,,True
10990,Premium Cloud Storage,9.99,2022-11-28,,True
10992,Premium Cloud Storage,14.99,2022-04-25,,True
10994,Premium Cloud Storage,14.99,2022-07-03,,True
10996,Premium Cloud Storage,9.99,2022-11-17,,True
10999,Premium Cloud Storage,9.99,2022-08-01,,True
11001,Premium Cloud Storage,9.99,2022-02-22,,True
11003,Premium Cloud Storage,9.99,2022-06-14,,True
11010,Premium Cloud Storage,14.99,2022-05-07,,True
11013,Premium Cloud Storage,14.99,2022-02-08,,True
11014,Premium Cloud Storage,9.99,2022-11-30,,True
11015,Premium Cloud Storage,9.99,2022-01-09,,True
11019,Premium Cloud Storage,14.99,2022-04-28,,True
11021,Premium Cloud Storage,14.99,2022-11-09,,True
11026,Premium Cloud Storage,9.99,2022-04-01,,True
11028,Premium Cloud Storage,14.99,2022-11-24,2023-07-16,False
11032,Premium Cloud Storage,14.99,2022-08-08,,True
11036,Premium Cloud Storage,14.99,2022-07-11,,True
11038,Premium Cloud Storage,14.99,2022-06-21,2022-08-08,False
11040,Premium Cloud Storage,9.99,2022-10-20,,True
11046,Premium Cloud Storage,14.99,2022-02-01,,True
11047,Premium Cloud Storage,14.99,2022-04-19,,True
11051,Premium Cloud Storage,9.99,2022-02-14,,True
11053,Premium Cloud Storage,9.99,2022-11-17,2023-03-31,False
11056,Premium Cloud Storage,9.99,2022-10-09,2023-03-26,False
11059,Premium Cloud Storage,9.99,2022-06-13,,True
11062,Premium Cloud Storage,9.99,2022-02-28,,True
11067,Premium Cloud Storage,14.99,2022-09-07,2022-12-23,False
11068,Premium Cloud Storage,14.99,2022-03-13,,True
11072,Premium Cloud Storage,14.99,2022-01-10,2022-06-10,False
11078,Premium Cloud Storage,14.99,2022-03-29,,True
11080,Premium Cloud Storage,9.99,2022-05-25,,True
11081,Premium Cloud Storage,14.99,2022-01-30,,True
11082,Premium Cloud Storage,9.99,2022-09-30,,True
11083,Premium Cloud Storage,9.99,2022-09-05,,True
11089,Premium Cloud Storage,14.99,2022-03-20,,True
11094,Premium Cloud Storage,14.99,2023-01-03,,True
11096,Premium Cloud Storage,14.99,2022-04-14,,True
11100,Premium Cloud Storage,14.99,2022-07-16,,True
11102,Premium Cloud Storage,9.99,2022-04-29,,True
11112,Premium Cloud Storage,14.99,2022-06-27,,True
11117,Premium Cloud Storage,9.99,2022-04-29,,True
11124,Premium Cloud Storage,9.99,2022-09-25,2023-04-28,False
11126,Premium Cloud Storage,14.99,2022-03-12,,True
11127,Premium Cloud Storage,9.99,2022-05-03,2022-10-11,False
11129,Premium Cloud Storage,14.99,2022-07-16,,True
11133,Premium Cloud Storage,14.99,2022-10-24,,True
11134,Premium Cloud Storage,9.99,2022-01-14,2022-05-25,False
11135,Premium Cloud Storage,14.99,2022-11-05,,True
11136,Premium Cloud Storage,9.99,2022-04-17,,True
11141,Premium Cloud Storage,14.99,2022-08-31,,True
11144,Premium Cloud Storage,14.99,2022-05-09,,True
11145,Premium Cloud Storage,9.99,2022-03-13,,True
11150,Premium Cloud Storage,9.99,2022-05-17,,True
11151,Premium Cloud Storage,9.99,2022-07-12,2022-10-19,False
11162,Premium Cloud Storage,14.99,2022-06-18,,True
11164,Premium Cloud Storage,14.99,2022-05-13,,True
11167,Premium Cloud Storage,9.99,2022-06-30,,True
11179,Premium Cloud Storage,9.99,2022-12-01,,True
11181,Premium Cloud Storage,14.99,2022-11-16,,True
11184,Premium Cloud Storage,14.99,2022-10-22,,True
11187,Premium Cloud Storage,14.99,2022-03-07,,True
11190,Premium Cloud Storage,14.99,2022-02-05,,True
11193,Premium Cloud Storage,9.99,2022-03-04,,True
11194,Premium Cloud Storage,14.99,2022-07-25,2022-08-26,False
11195,Premium Cloud Storage,9.99,2022-10-30,,True
11196,Premium Cloud Storage,9.99,2022-07-09,,True
11199,Premium Cloud Storage,14.99,2022-11-06,,True
11201,Premium Cloud Storage,14.99,2022-01-15,,True
11202,Premium Cloud Storage,14.99,2022-12-26,,True
11206,Premium Cloud Storage,9.99,2022-04-21,2022-11-20,False
11208,Premium Cloud Storage,14.99,2022-02-27,,True
11210,Premium Cloud Storage,9.99,2022-10-07,,True
11212,Premium Cloud Storage,14.99,2022-07-08,,True
11216,Premium Cloud Storage,14.99,2022-09-28,,True
11218,Premium Cloud Storage,9.99,2022-11-19,,True
11221,Premium Cloud Storage,14.99,2022-10-15,,True
11228,Premium Cloud Storage,9.99,2022-08-09,2022-10-21,False
11229,Premium Cloud Storage,9.99,2022-08-09,2022-10-28,False
11233,Premium Cloud Storage,14.99,2022-07-11,2023-02-03,False
11239,Premium Cloud Storage,14.99,2022-10-24,,True
11241,Premium Cloud Storage,9.99,2022-04-16,,True
11244,Premium Cloud Storage,9.99,2022-05-28,2022-08-18,False
11247,Premium Cloud Storage,14.99,2022-01-18,,True
11252,Premium Cloud Storage,14.99,2022-07-07,,True
11253,Premium Cloud Storage,14.99,2022-10-18,,True
11255,Premium Cloud Storage,9.99,2022-01-23,2022-03-01,False
11256,Premium Cloud Storage,14.99,2022-09-30,,True
11260,Premium Cloud Storage,14.99,2022-12-22,,True
11261,Premium Cloud Storage,9.99,2022-08-25,,True
11264,Premium Cloud Storage,14.99,2022-05-09,,True
11265,Premium Cloud Storage,14.99,2022-10-24,,True
11272,Premium Cloud Storage,9.99,2022-09-02,,True
11276,Premium Cloud Storage,14.99,2022-06-17,,True
11277,Premium Cloud Storage,9.99,2022-04-23,2022-10-16,False
11282,Premium Cloud Storage,9.99,2022-10-13,,True
11285,Premium Cloud Storage,9.99,2022-03-16,2022-10-16,False
11286,Premium Cloud Storage,14.99,2022-06-09,,True
11287,Premium Cloud Storage,14.99,2022-09-14,,True
11289,Premium Cloud Storage,14.99,2022-02-03,,True
11290,Premium Cloud Storage,14.99,2022-05-22,,True
11291,Premium Cloud Storage,14.99,2022-04-12,,True
11295,Premium Cloud Storage,14.99,2022-04-19,,True
11300,Premium Cloud Storage,14.99,2022-07-12,2022-12-18,False
11304,Premium Cloud Storage,9.99,2022-03-04,2022-04-03,False
11309,Premium Cloud Storage,9.99,2022-02-16,2022-07-09,False
11310,Premium Cloud Storage,14.99,2022-10-26,2023-05-16,False
11315,Premium Cloud Storage,9.99,2022-09-13,,True
11318,Premium Cloud Storage,14.99,2022-08-05,,True
11319,Premium Cloud Storage,14.99,2022-04-23,,True
11323,Premium Cloud Storage,14.99,2022-06-01,,True
11326,Premium Cloud Storage,14.99,2022-05-21,,True
11327,Premium Cloud Storage,9.99,2022-04-04,,True
11329,Premium Cloud Storage,9.99,2022-03-08,,True
11330,Premium Cloud Storage,9.99,2022-01-30,,True
11332,Premium Cloud Storage,14.99,2022-01-21,,True
11338,Premium Cloud Storage,14.99,2022-08-05,2023-01-14,False
11341,Premium Cloud Storage,9.99,2023-01-02,2023-02-04,False
11351,Premium Cloud Storage,9.99,2022-07-28,,True
11352,Premium Cloud Storage,9.99,2022-11-29,,True
11358,Premium Cloud Storage,14.99,2022-06-03,,True
11359,Premium Cloud Storage,9.99,2022-08-06,,True
11360,Premium Cloud Storage,9.99,2022-11-24,,True
11363,Premium Cloud Storage,9.99,2022-08-29,,True
11368,Premium Cloud Storage,14.99,2022-09-24,,True
11369,Premium Cloud Storage,14.99,2022-10-14,,True
11371,Premium Cloud Storage,14.99,2022-11-19,2023-02-14,False
11372,Premium Cloud Storage,9.99,2022-11-25,,True
11373,Premium Cloud Storage,9.99,2022-12-18,2023-05-11,False
11376,Premium Cloud Storage,9.99,2022-06-03,,True
11379,Premium Cloud Storage,9.99,2022-10-11,,True
11380,Premium Cloud Storage,14.99,2022-12-30,,True
11382,Premium Cloud Storage,9.99,2022-02-22,,True
11387,Premium Cloud Storage,14.99,2022-06-21,,True
11390,Premium Cloud Storage,14.99,2022-08-28,,True
11392,Premium Cloud Storage,14.99,2022-09-07,,True
11397,Premium Cloud Storage,14.99,2022-03-23,2022-04-30,False
11398,Premium Cloud Storage,9.99,2022-04-05,2022-10-28,False
11401,Premium Cloud Storage,14.99,2022-04-12,,True
11402,Premium Cloud Storage,14.99,2022-12-17,,True
11404,Premium Cloud Storage,9.99,2022-06-17,2023-01-22,False
11412,Premium Cloud Storage,14.99,2022-12-15,,True
11413,Premium Cloud Storage,14.99,2022-05-11,,True
11415,Premium Cloud Storage,9.99,2022-01-30,,True
11417,Premium Cloud Storage,14.99,2022-01-15,2022-07-01,False
11423,Premium Cloud Storage,14.99,2022-12-10,,True
11426,Premium Cloud Storage,14.99,2022-09-23,,True
11435,Premium Cloud Storage,14.99,2022-08-24,,True
11436,Premium Cloud Storage,14.99,2022-01-13,,True
11437,Premium Cloud Storage,9.99,2022-11-09,2023-02-22,False
11446,Premium Cloud Storage,9.99,2022-10-14,,True
11449,Premium Cloud Storage,9.99,2022-07-15,,True
11452,Premium Cloud Storage,9.99,2022-03-14,,True
11455,Premium Cloud Storage,9.99,2022-06-15,,True
11457,Premium Cloud Storage,9.99,2022-08-11,,True
11462,Premium Cloud Storage,14.99,2022-02-15,,True
11463,Premium Cloud Storage,9.99,2022-04-10,,True
11464,Premium Cloud Storage,9.99,2022-09-23,,True
11467,Premium Cloud Storage,9.99,2022-11-03,2023-01-08,False
11470,Premium Cloud Storage,9.99,2022-07-06,2022-09-15,False
11473,Premium Cloud Storage,9.99,2022-01-19,2022-04-18,False
11475,Premium Cloud Storage,9.99,2022-11-21,,True
11478,Premium Cloud Storage,9.99,2022-08-02,,True
11480,Premium Cloud Storage,9.99,2022-12-06,,True
11484,Premium Cloud Storage,14.99,2022-09-21,,True
11486,Premium Cloud Storage,14.99,2022-04-13,,True
11487,Premium Cloud Storage,9.99,2022-03-02,,True
11488,Premium Cloud Storage,14.99,2022-11-15,,True
11490,Premium Cloud Storage,14.99,2022-08-23,,True
11491,Premium Cloud Storage,14.99,2022-02-10,2022-05-23,False
11492,Premium Cloud Storage,14.99,2022-06-10,,True
11493,Premium Cloud Storage,14.99,2022-09-04,,True
11494,Premium Cloud Storage,9.99,2022-10-10,,True
11495,Premium Cloud Storage,9.99,2022-03-21,2022-06-08,False
11499,Premium Cloud Storage,9.99,2022-10-12,2022-11-16,False
11500,Premium Cloud Storage,9.99,2022-03-05,2022-07-12,False
11504,Premium Cloud Storage,14.99,2022-06-13,,True
11505,Premium Cloud Storage,14.99,2022-10-15,2022-11-23,False
11506,Premium Cloud Storage,9.99,2022-07-09,2022-11-11,False
11509,Premium Cloud Storage,9.99,2022-06-01,,True
11510,Premium Cloud Storage,9.99,2022-09-04,2023-04-06,False
11514,Premium Cloud Storage,14.99,2022-03-27,2022-06-18,False
11515,Premium Cloud Storage,14.99,2022-07-14,2023-01-25,False
11518,Premium Cloud Storage,14.99,2022-08-20,2022-11-10,False
11520,Premium Cloud Storage,14.99,2022-05-03,,True
11522,Premium Cloud Storage,14.99,2022-02-05,,True
11526,Premium Cloud Storage,14.99,2022-08-03,,True
11527,Premium Cloud Storage,14.99,2022-12-17,,True
11528,Premium Cloud Storage,9.99,2022-12-18,2023-02-01,False
11529,Premium Cloud Storage,9.99,2022-01-17,,True
11534,Premium Cloud Storage,9.99,2022-03-22,,True
11541,Premium Cloud Storage,14.99,2022-09-04,,True
11543,Premium Cloud Storage,14.99,2022-07-02,,True
11546,Premium Cloud Storage,9.99,2022-10-18,,True
11551,Premium Cloud Storage,9.99,2022-03-09,2022-06-10,False
11552,Premium Cloud Storage,9.99,2022-05-19,2022-07-09,False
11553,Premium Cloud Storage,9.99,2022-04-03,,True
11555,Premium Cloud Storage,14.99,2022-09-22,,True
11563,Premium Cloud Storage,14.99,2022-09-02,2022-12-07,False
11567,Premium Cloud Storage,14.99,2022-07-23,,True
11569,Premium Cloud Storage,9.99,2022-09-20,,True
11574,Premium Cloud Storage,14.99,2022-04-23,2022-09-04,False
11576,Premium Cloud Storage,14.99,2022-10-05,,True
11579,Premium Cloud Storage,9.99,2022-01-28,,True
11584,Premium Cloud Storage,9.99,2022-07-07,,True
11585,Premium Cloud Storage,14.99,2022-10-24,,True
11597,Premium Cloud Storage,14.99,2022-02-25,2022-05-13,False
11600,Premium Cloud Storage,14.99,2022-09-03,,True
11601,Premium Cloud Storage,14.99,2022-09-29,2023-03-14,False
11602,Premium Cloud Storage,14.99,2022-10-25,,True
11613,Premium Cloud Storage,14.99,2022-04-06,,True
11615,Premium Cloud Storage,9.99,2022-09-05,,True
11618,Premium Cloud Storage,9.99,2022-06-22,2022-08-19,False
11626,Premium Cloud Storage,14.99,2022-05-27,,True
11631,Premium Cloud Storage,14.99,2022-08-02,,True
11632,Premium Cloud Storage,9.99,2022-07-13,2023-02-11,False
11637,Premium Cloud Storage,14.99,2022-03-23,,True
11640,Premium Cloud Storage,9.99,2022-02-01,,True
11644,Premium Cloud Storage,14.99,2022-03-02,,True
11646,Premium Cloud Storage,14.99,2022-06-06,2022-12-06,False
11654,Premium Cloud Storage,14.99,2022-01-13,2022-07-16,False
11656,Premium Cloud Storage,9.99,2022-04-18,,True
11660,Premium Cloud Storage,9.99,2022-09-10,,True
11666,Premium Cloud Storage,14.99,2022-01-11,,True
11667,Premium Cloud Storage,9.99,2022-08-15,,True
11668,Premium Cloud Storage,14.99,2022-08-01,,True
11670,Premium Cloud Storage,14.99,2022-04-22,,True
11673,Premium Cloud Storage,9.99,2022-11-27,,True
11675,Premium Cloud Storage,14.99,2022-12-13,,True
11678,Premium Cloud Storage,14.99,2022-06-10,,True
11683,Premium Cloud Storage,9.99,2022-09-30,,True
11686,Premium Cloud Storage,9.99,2022-12-14,,True
11687,Premium Cloud Storage,9.99,2022-08-30,2022-11-02,False
11689,Premium Cloud Storage,9.99,2022-12-29,,True
11690,Premium Cloud Storage,14.99,2022-10-28,,True
11691,Premium Cloud Storage,9.99,2022-06-24,2022-09-13,False
11697,Premium Cloud Storage,14.99,2022-11-25,2023-05-18,False
11699,Premium Cloud Storage,9.99,2022-02-23,2022-03-26,False
11703,Premium Cloud Storage,9.99,2022-06-09,,True
11705,Premium Cloud Storage,14.99,2022-06-21,,True
11709,Premium Cloud Storage,9.99,2022-04-04,2022-08-15,False
11712,Premium Cloud Storage,9.99,2022-08-01,,True
11713,Premium Cloud Storage,9.99,2022-08-06,2023-01-31,False
11714,Premium Cloud Storage,14.99,2022-08-13,,True
11716,Premium Cloud Storage,14.99,2022-05-21,2022-08-01,False
11726,Premium Cloud Storage,9.99,2022-11-29,2023-05-11,False
11730,Premium Cloud Storage,14.99,2022-10-15,2023-03-13,False
11744,Premium Cloud Storage,9.99,2022-08-20,2023-03-02,False
11746,Premium Cloud Storage,14.99,2022-07-17,2022-09-17,False
11753,Premium Cloud Storage,14.99,2023-01-07,,True
11754,Premium Cloud Storage,9.99,2022-11-29,2023-02-24,False
11758,Premium Cloud Storage,14.99,2022-12-29,,True
11761,Premium Cloud Storage,9.99,2022-11-09,2023-04-02,False
11764,Premium Cloud Storage,14.99,2022-02-14,,True
11766,Premium Cloud Storage,9.99,2022-06-29,,True
11769,Premium Cloud Storage,14.99,2022-03-30,,True
11775,Premium Cloud Storage,14.99,2022-12-07,,True
11776,Premium Cloud Storage,9.99,2022-02-07,,True
11779,Premium Cloud Storage,9.99,2022-07-11,,True
11781,Premium Cloud Storage,9.99,2022-06-06,2022-11-12,False
11790,Premium Cloud Storage,14.99,2022-01-28,,True
11791,Premium Cloud Storage,9.99,2022-09-28,,True
11797,Premium Cloud Storage,14.99,2022-09-20,,True
11801,Premium Cloud Storage,9.99,2022-08-11,,True
11803,Premium Cloud Storage,14.99,2022-07-22,2023-02-08,False
11807,Premium Cloud Storage,14.99,2022-08-02,,True
11811,Premium Cloud Storage,9.99,2022-07-25,,True
11812,Premium Cloud Storage,14.99,2022-12-28,2023-07-29,False
11815,Premium Cloud Storage,9.99,2022-05-01,,True
11817,Premium Cloud Storage,9.99,2022-08-28,,True
11820,Premium Cloud Storage,14.99,2022-08-27,,True
11822,Premium Cloud Storage,9.99,2022-09-27,2023-04-22,False
11829,Premium Cloud Storage,14.99,2022-09-27,,True
11831,Premium Cloud Storage,9.99,2022-10-29,,True
11836,Premium Cloud Storage,14.99,2022-07-20,,True
11837,Premium Cloud Storage,14.99,2022-11-14,,True
11841,Premium Cloud Storage,9.99,2022-11-24,,True
11843,Premium Cloud Storage,9.99,2022-07-18,2023-01-19,False
11850,Premium Cloud Storage,14.99,2022-10-26,,True
11851,Premium Cloud Storage,9.99,2022-08-24,,True
11855,Premium Cloud Storage,14.99,2022-02-10,,True
11865,Premium Cloud Storage,9.99,2022-10-02,2023-05-05,False
11866,Premium Cloud Storage,14.99,2022-06-17,2022-11-11,False
11872,Premium Cloud Storage,9.99,2022-04-27,,True
11878,Premium Cloud Storage,14.99,2022-09-26,,True
11879,Premium Cloud Storage,9.99,2022-09-14,2022-11-11,False
11882,Premium Cloud Storage,9.99,2022-05-31,,True
11887,Premium Cloud Storage,14.99,2022-11-02,,True
11890,Premium Cloud Storage,14.99,2022-07-26,,True
11893,Premium Cloud Storage,14.99,2022-06-29,,True
11896,Premium Cloud Storage,9.99,2022-04-29,2022-07-22,False
11897,Premium Cloud Storage,14.99,2022-06-26,,True
11903,Premium Cloud Storage,14.99,2023-01-06,,True
11904,Premium Cloud Storage,9.99,2022-03-06,2022-04-14,False
11908,Premium Cloud Storage,14.99,2022-09-28,,True
11909,Premium Cloud Storage,14.99,2022-10-31,,True
11915,Premium Cloud Storage,9.99,2022-07-20,2022-11-20,False
11916,Premium Cloud Storage,9.99,2022-11-13,2023-05-26,False
11919,Premium Cloud Storage,9.99,2022-01-30,,True
11922,Premium Cloud Storage,9.99,2022-03-10,2022-07-23,False
11929,Premium Cloud Storage,14.99,2022-08-25,,True
11930,Premium Cloud Storage,9.99,2023-01-06,2023-06-23,False
11933,Premium Cloud Storage,9.99,2022-04-11,2022-11-02,False
11939,Premium Cloud Storage,14.99,2022-12-20,,True
11950,Premium Cloud Storage,14.99,2022-02-03,,True
11960,Premium Cloud Storage,14.99,2022-06-03,,True
11962,Premium Cloud Storage,9.99,2022-04-05,2022-06-18,False
11966,Premium Cloud Storage,14.99,2022-09-02,,True
11969,Premium Cloud Storage,14.99,2022-05-27,2022-10-23,False
11972,Premium Cloud Storage,14.99,2022-12-20,,True
11974,Premium Cloud Storage,14.99,2022-03-01,,True
11977,Premium Cloud Storage,9.99,2022-03-10,,True
11980,Premium Cloud Storage,14.99,2022-02-12,,True
11985,Premium Cloud Storage,14.99,2022-10-17,2023-02-18,False
11990,Premium Cloud Storage,9.99,2022-06-13,2022-10-25,False
11992,Premium Cloud Storage,9.99,2022-05-19,2022-08-07,False
11995,Premium Cloud Storage,9.99,2022-05-14,2022-10-28,False
11997,Premium Cloud Storage,14.99,2022-05-05,,True
12001,Premium Cloud Storage,14.99,2022-08-02,,True
12003,Premium Cloud Storage,14.99,2022-06-22,,True
12005,Premium Cloud Storage,9.99,2022-07-02,2022-12-03,False
12006,Premium Cloud Storage,9.99,2022-12-26,,True
12011,Premium Cloud Storage,14.99,2022-12-10,2023-01-16,False
12012,Premium Cloud Storage,9.99,2022-03-26,,True
12013,Premium Cloud Storage,14.99,2022-03-20,,True
12015,Premium Cloud Storage,9.99,2022-04-10,2022-09-19,False
12016,Premium Cloud Storage,14.99,2022-12-14,2023-03-07,False
12020,Premium Cloud Storage,9.99,2022-05-13,,True
12025,Premium Cloud Storage,14.99,2022-08-19,,True
12028,Premium Cloud Storage,14.99,2022-11-24,,True
12031,Premium Cloud Storage,9.99,2022-12-20,,True
12036,Premium Cloud Storage,14.99,2022-07-09,,True
12046,Premium Cloud Storage,14.99,2022-08-20,,True
12047,Premium Cloud Storage,9.99,2022-02-28,,True
12048,Premium Cloud Storage,9.99,2022-10-11,2022-12-22,False
12049,Premium Cloud Storage,14.99,2022-07-24,,True
12054,Premium Cloud Storage,9.99,2022-02-16,,True
12063,Premium Cloud Storage,9.99,2022-03-06,,True
12066,Premium Cloud Storage,14.99,2022-04-26,,True
12068,Premium Cloud Storage,14.99,2022-02-03,,True
12070,Premium Cloud Storage,9.99,2022-11-10,,True
12072,Premium Cloud Storage,14.99,2022-05-07,,True
12076,Premium Cloud Storage,14.99,2022-05-01,,True
12078,Premium Cloud Storage,9.99,2022-05-18,2022-08-10,False
12079,Premium Cloud Storage,9.99,2023-01-08,,True
12081,Premium Cloud Storage,14.99,2022-10-04,,True
12087,Premium Cloud Storage,9.99,2022-08-18,,True
12097,Premium Cloud Storage,9.99,2022-07-21,2022-12-23,False
12100,Premium Cloud Storage,9.99,2023-01-04,2023-03-26,False
12101,Premium Cloud Storage,9.99,2022-06-04,,True
12102,Premium Cloud Storage,14.99,2022-08-31,,True
12104,Premium Cloud Storage,9.99,2022-07-30,2022-10-14,False
12105,Premium Cloud Storage,14.99,2022-08-03,,True
12106,Premium Cloud Storage,9.99,2022-02-14,2022-06-02,False
12111,Premium Cloud Storage,14.99,2022-11-17,,True
12112,Premium Cloud Storage,14.99,2022-04-01,,True
12116,Premium Cloud Storage,9.99,2022-07-20,,True
12125,Premium Cloud Storage,9.99,2022-11-14,,True
12126,Premium Cloud Storage,9.99,2022-05-16,,True
12127,Premium Cloud Storage,14.99,2022-03-01,,True
12130,Premium Cloud Storage,14.99,2022-10-21,,True
12136,Premium Cloud Storage,14.99,2022-08-24,,True
12143,Premium Cloud Storage,14.99,2022-01-15,,True
12144,Premium Cloud Storage,9.99,2022-11-26,,True
12146,Premium Cloud Storage,9.99,2022-02-17,2022-09-09,False
12147,Premium Cloud Storage,14.99,2022-08-18,,True
12150,Premium Cloud Storage,14.99,2022-01-28,,True
12152,Premium Cloud Storage,9.99,2022-08-28,2022-12-31,False
12153,Premium Cloud Storage,9.99,2022-12-21,2023-05-27,False
12154,Premium Cloud Storage,14.99,2022-04-01,,True
12156,Premium Cloud Storage,14.99,2022-10-24,,True
12162,Premium Cloud Storage,14.99,2022-12-31,,True
12164,Premium Cloud Storage,9.99,2022-11-16,2023-04-18,False
12166,Premium Cloud Storage,9.99,2022-02-05,,True
12169,Premium Cloud Storage,14.99,2022-11-29,,True
12170,Premium Cloud Storage,9.99,2022-01-30,2022-06-20,False
12181,Premium Cloud Storage,14.99,2022-10-30,,True
12190,Premium Cloud Storage,14.99,2023-01-01,,True
12191,Premium Cloud Storage,9.99,2022-12-31,,True
12193,Premium Cloud Storage,9.99,2022-10-13,,True
12194,Premium Cloud Storage,14.99,2022-11-23,,True
12196,Premium Cloud Storage,9.99,2022-12-04,,True
12199,Premium Cloud Storage,14.99,2022-06-24,2023-01-12,False
12202,Premium Cloud Storage,9.99,2022-10-16,2022-12-05,False
12203,Premium Cloud Storage,14.99,2022-06-14,,True
12206,Premium Cloud Storage,14.99,2022-07-19,,True
12208,Premium Cloud Storage,14.99,2022-09-26,,True
12217,Premium Cloud Storage,14.99,2022-07-24,,True
12224,Premium Cloud Storage,14.99,2022-06-08,,True
12225,Premium Cloud Storage,9.99,2022-01-15,,True
12227,Premium Cloud Storage,9.99,2022-09-25,,True
12229,Premium Cloud Storage,14.99,2022-01-17,,True
12230,Premium Cloud Storage,9.99,2022-06-04,2022-09-13,False
12235,Premium Cloud Storage,9.99,2022-06-21,2022-08-21,False
12240,Premium Cloud Storage,9.99,2022-12-12,2023-02-09,False
12241,Premium Cloud Storage,14.99,2022-06-07,,True
12244,Premium Cloud Storage,9.99,2022-09-05,,True
12245,Premium Cloud Storage,9.99,2022-10-07,,True
12247,Premium Cloud Storage,9.99,2022-12-16,,True
12258,Premium Cloud Storage,14.99,2022-06-04,,True
12260,Premium Cloud Storage,9.99,2022-04-24,,True
12262,Premium Cloud Storage,9.99,2022-06-03,,True
12265,Premium Cloud Storage,9.99,2022-03-19,,True
12267,Premium Cloud Storage,9.99,2022-06-04,,True
12268,Premium Cloud Storage,14.99,2022-11-21,,True
12271,Premium Cloud Storage,14.99,2022-11-28,2023-05-21,False
12272,Premium Cloud Storage,9.99,2022-04-17,,True
12274,Premium Cloud Storage,9.99,2022-07-22,,True
12275,Premium Cloud Storage,9.99,2022-01-16,,True
12283,Premium Cloud Storage,14.99,2022-12-16,,True
12284,Premium Cloud Storage,14.99,2022-07-30,,True
12285,Premium Cloud Storage,14.99,2022-07-08,,True
12288,Premium Cloud Storage,9.99,2022-08-01,2023-01-25,False
12291,Premium Cloud Storage,14.99,2022-12-29,,True
12305,Premium Cloud Storage,14.99,2022-06-08,2022-08-06,False
12311,Premium Cloud Storage,9.99,2022-07-01,2022-12-17,False
12323,Premium Cloud Storage,14.99,2022-10-06,,True
12333,Premium Cloud Storage,9.99,2022-11-16,,True
12334,Premium Cloud Storage,14.99,2022-07-09,,True
12335,Premium Cloud Storage,14.99,2022-06-10,,True
12336,Premium Cloud Storage,9.99,2022-07-23,,True
12337,Premium Cloud Storage,14.99,2022-05-09,,True
12339,Premium Cloud Storage,9.99,2022-11-20,,True
12341,Premium Cloud Storage,14.99,2022-10-02,,True
12346,Premium Cloud Storage,9.99,2022-11-02,,True
12350,Premium Cloud Storage,9.99,2022-11-16,,True
12351,Premium Cloud Storage,9.99,2022-07-25,2023-02-17,False
12352,Premium Cloud Storage,9.99,2022-10-02,,True
12353,Premium Cloud Storage,9.99,2022-04-26,2022-08-14,False
12354,Premium Cloud Storage,9.99,2022-04-28,2022-09-05,False
12355,Premium Cloud Storage,14.99,2022-04-09,,True
12362,Premium Cloud Storage,14.99,2022-04-18,2022-10-15,False
12366,Premium Cloud Storage,14.99,2022-04-03,,True
12369,Premium Cloud Storage,9.99,2022-11-30,,True
12372,Premium Cloud Storage,9.99,2022-05-19,2022-12-26,False
12376,Premium Cloud Storage,14.99,2022-08-09,,True
12385,Premium Cloud Storage,9.99,2022-10-19,2023-04-10,False
12386,Premium Cloud Storage,14.99,2022-12-22,,True
12389,Premium Cloud Storage,9.99,2022-10-30,2022-12-05,False
12390,Premium Cloud Storage,14.99,2022-08-01,,True
12391,Premium Cloud Storage,14.99,2022-02-02,,True
12393,Premium Cloud Storage,14.99,2022-11-13,,True
12397,Premium Cloud Storage,14.99,2022-06-11,,True
12401,Premium Cloud Storage,14.99,2022-09-02,,True
12406,Premium Cloud Storage,14.99,2022-02-10,,True
12407,Premium Cloud Storage,14.99,2022-06-25,,True
12409,Premium Cloud Storage,9.99,2022-07-06,,True
12413,Premium Cloud Storage,14.99,2022-10-13,,True
12419,Premium Cloud Storage,14.99,2022-10-26,2023-03-02,False
12423,Premium Cloud Storage,9.99,2022-05-10,,True
12425,Premium Cloud Storage,9.99,2022-05-17,2022-11-06,False
12426,Premium Cloud Storage,14.99,2022-12-09,,True
12427,Premium Cloud Storage,9.99,2022-06-10,2022-11-13,False
12437,Premium Cloud Storage,14.99,2022-12-16,,True
12440,Premium Cloud Storage,9.99,2022-06-18,,True
12445,Premium Cloud Storage,14.99,2022-08-02,,True
12447,Premium Cloud Storage,14.99,2022-11-06,2023-06-17,False
12448,Premium Cloud Storage,14.99,2022-06-20,,True
12449,Premium Cloud Storage,14.99,2022-08-01,,True
12451,Premium Cloud Storage,9.99,2022-08-01,,True
12455,Premium Cloud Storage,14.99,2022-01-19,,True
12456,Premium Cloud Storage,9.99,2022-10-08,,True
12471,Premium Cloud Storage,9.99,2022-01-26,,True
12476,Premium Cloud Storage,14.99,2022-05-21,,True
12478,Premium Cloud Storage,14.99,2022-05-22,,True
12480,Premium Cloud Storage,14.99,2022-04-02,,True
12481,Premium Cloud Storage,9.99,2022-09-16,2023-04-14,False
12486,Premium Cloud Storage,9.99,2022-03-01,,True
12490,Premium Cloud Storage,14.99,2022-05-18,,True
12491,Premium Cloud Storage,14.99,2022-11-24,,True
12492,Premium Cloud Storage,9.99,2022-02-21,2022-07-07,False
12493,Premium Cloud Storage,14.99,2022-04-01,,True
12500,Premium Cloud Storage,9.99,2022-02-18,2022-09-27,False
12501,Premium Cloud Storage,9.99,2022-08-07,,True
12503,Premium Cloud Storage,9.99,2022-03-04,2022-09-17,False
12507,Premium Cloud Storage,9.99,2022-06-16,2022-11-02,False
12510,Premium Cloud Storage,14.99,2022-03-10,2022-09-23,False
12513,Premium Cloud Storage,9.99,2022-11-09,,True
12516,Premium Cloud Storage,14.99,2022-10-29,2023-02-27,False
12520,Premium Cloud Storage,9.99,2022-12-18,,True
12522,Premium Cloud Storage,14.99,2022-06-14,,True
12526,Premium Cloud Storage,14.99,2022-06-09,,True
12527,Premium Cloud Storage,9.99,2022-02-12,2022-08-24,False
12528,Premium Cloud Storage,14.99,2022-02-23,,True
12536,Premium Cloud Storage,9.99,2022-08-25,,True
12539,Premium Cloud Storage,9.99,2022-05-16,2022-07-13,False
12540,Premium Cloud Storage,9.99,2022-12-09,2023-05-04,False
12550,Premium Cloud Storage,14.99,2022-11-23,2023-05-10,False
12560,Premium Cloud Storage,9.99,2022-09-24,,True
12561,Premium Cloud Storage,9.99,2022-07-06,,True
12572,Premium Cloud Storage,14.99,2022-01-29,,True
12574,Premium Cloud Storage,14.99,2022-04-28,,True
12575,Premium Cloud Storage,9.99,2022-06-02,,True
12581,Premium Cloud Storage,9.99,2022-11-21,,True
12588,Premium Cloud Storage,14.99,2022-07-27,2023-01-18,False
12589,Premium Cloud Storage,9.99,2022-11-21,,True
12598,Premium Cloud Storage,14.99,2022-12-29,,True
12602,Premium Cloud Storage,9.99,2022-08-12,,True
12604,Premium Cloud Storage,14.99,2022-02-16,2022-08-14,False
12607,Premium Cloud Storage,14.99,2022-10-13,2022-11-29,False
12609,Premium Cloud Storage,14.99,2022-09-08,2022-12-09,False
12612,Premium Cloud Storage,14.99,2022-07-21,,True
12614,Premium Cloud Storage,14.99,2022-04-19,,True
12615,Premium Cloud Storage,14.99,2022-08-03,,True
12616,Premium Cloud Storage,14.99,2022-01-14,,True
12626,Premium Cloud Storage,14.99,2022-05-03,,True
12629,Premium Cloud Storage,14.99,2022-05-29,2022-08-12,False
12633,Premium Cloud Storage,14.99,2022-10-17,,True
12634,Premium Cloud Storage,9.99,2022-12-05,2023-05-07,False
12635,Premium Cloud Storage,9.99,2022-11-16,,True
12636,Premium Cloud Storage,9.99,2022-07-06,,True
12638,Premium Cloud Storage,9.99,2022-12-30,,True
12639,Premium Cloud Storage,9.99,2022-06-07,2022-09-26,False
12640,Premium Cloud Storage,14.99,2022-07-23,,True
12644,Premium Cloud Storage,14.99,2022-09-08,,True
12645,Premium Cloud Storage,14.99,2022-03-18,,True
12646,Premium Cloud Storage,9.99,2022-12-05,,True
12652,Premium Cloud Storage,14.99,2022-06-05,,True
12656,Premium Cloud Storage,9.99,2022-11-24,,True
12660,Premium Cloud Storage,9.99,2022-04-27,2022-12-14,False
12662,Premium Cloud Storage,14.99,2022-05-12,,True
12667,Premium Cloud Storage,9.99,2022-12-21,2023-01-29,False
12670,Premium Cloud Storage,9.99,2022-01-29,,True
12671,Premium Cloud Storage,14.99,2022-06-19,2023-01-12,False
12672,Premium Cloud Storage,9.99,2022-02-01,,True
12673,Premium Cloud Storage,14.99,2022-02-20,,True
12675,Premium Cloud Storage,14.99,2022-08-16,,True
12676,Premium Cloud Storage,14.99,2022-11-27,,True
12677,Premium Cloud Storage,14.99,2022-07-18,,True
12679,Premium Cloud Storage,9.99,2022-03-22,,True
12680,Premium Cloud Storage,14.99,2022-06-17,,True
12682,Premium Cloud Storage,14.99,2022-06-27,,True
12686,Premium Cloud Storage,14.99,2022-11-15,,True
12687,Premium Cloud Storage,9.99,2022-10-30,2023-02-17,False
12692,Premium Cloud Storage,14.99,2022-06-17,,True
12693,Premium Cloud Storage,9.99,2022-04-20,2022-10-01,False
12694,Premium Cloud Storage,9.99,2022-07-13,,True
12697,Premium Cloud Storage,14.99,2022-12-25,,True
12699,Premium Cloud Storage,9.99,2022-12-07,,True
12703,Premium Cloud Storage,14.99,2022-06-23,,True
12704,Premium Cloud Storage,9.99,2022-12-10,2023-02-24,False
12708,Premium Cloud Storage,14.99,2022-10-04,,True
12710,Premium Cloud Storage,9.99,2022-08-28,2022-10-31,False
12711,Premium Cloud Storage,9.99,2022-10-02,,True
12714,Premium Cloud Storage,14.99,2022-11-11,,True
12720,Premium Cloud Storage,9.99,2022-10-12,,True
12722,Premium Cloud Storage,9.99,2022-01-29,,True
12724,Premium Cloud Storage,14.99,2022-08-10,,True
12725,Premium Cloud Storage,14.99,2022-05-26,,True
12732,Premium Cloud Storage,14.99,2022-01-22,,True
12740,Premium Cloud Storage,14.99,2022-06-25,2022-08-29,False
12741,Premium Cloud Storage,14.99,2022-04-22,,True
12742,Premium Cloud Storage,14.99,2022-07-29,,True
12743,Premium Cloud Storage,14.99,2022-05-26,,True
12745,Premium Cloud Storage,9.99,2022-06-13,,True
12749,Premium Cloud Storage,9.99,2022-04-06,,True
12751,Premium Cloud Storage,9.99,2022-09-08,,True
12752,Premium Cloud Storage,14.99,2022-12-21,,True
12754,Premium Cloud Storage,9.99,2022-12-16,,True
12755,Premium Cloud Storage,14.99,2022-11-24,,True
12757,Premium Cloud Storage,9.99,2022-08-02,,True
12760,Premium Cloud Storage,14.99,2022-03-20,,True
12761,Premium Cloud Storage,14.99,2022-11-28,2023-01-25,False
12764,Premium Cloud Storage,14.99,2022-09-26,,True
12766,Premium Cloud Storage,9.99,2022-04-28,,True
12768,Premium Cloud Storage,9.99,2022-02-17,2022-08-28,False
12770,Premium Cloud Storage,14.99,2022-10-10,,True
12772,Premium Cloud Storage,9.99,2022-08-09,,True
12777,Premium Cloud Storage,14.99,2022-03-18,,True
12789,Premium Cloud Storage,9.99,2022-06-12,,True
12794,Premium Cloud Storage,9.99,2022-05-31,2022-12-26,False
12796,Premium Cloud Storage,14.99,2022-08-24,,True
12800,Premium Cloud Storage,9.99,2022-01-12,,True
12803,Premium Cloud Storage,9.99,2022-03-26,2022-07-20,False
12804,Premium Cloud Storage,9.99,2022-01-17,,True
12808,Premium Cloud Storage,9.99,2022-03-12,2022-10-03,False
12817,Premium Cloud Storage,14.99,2022-09-19,,True
12820,Premium Cloud Storage,9.99,2022-07-27,,True
12822,Premium Cloud Storage,9.99,2022-08-17,,True
12824,Premium Cloud Storage,14.99,2022-11-26,2023-07-08,False
12827,Premium Cloud Storage,14.99,2022-09-03,2023-04-12,False
12832,Premium Cloud Storage,14.99,2022-09-08,,True
12833,Premium Cloud Storage,14.99,2022-03-22,,True
12834,Premium Cloud Storage,14.99,2022-06-13,,True
12837,Premium Cloud Storage,14.99,2022-03-01,,True
12838,Premium Cloud Storage,9.99,2022-04-05,2022-10-04,False
12839,Premium Cloud Storage,14.99,2022-11-20,,True
12840,Premium Cloud Storage,14.99,2022-12-16,,True
12842,Premium Cloud Storage,9.99,2022-06-09,,True
12845,Premium Cloud Storage,14.99,2022-12-07,,True
12849,Premium Cloud Storage,14.99,2022-12-29,,True
12852,Premium Cloud Storage,14.99,2022-05-22,,True
12853,Premium Cloud Storage,9.99,2022-03-07,,True
12856,Premium Cloud Storage,14.99,2022-01-09,,True
12858,Premium Cloud Storage,14.99,2022-09-14,2023-04-18,False
12859,Premium Cloud Storage,14.99,2022-07-06,,True
12879,Premium Cloud Storage,14.99,2022-03-03,,True
12882,Premium Cloud Storage,14.99,2022-05-25,,True
12886,Premium Cloud Storage,9.99,2022-12-23,2023-05-26,False
12891,Premium Cloud Storage,9.99,2022-06-08,2023-01-01,False
12895,Premium Cloud Storage,9.99,2022-05-13,,True
12901,Premium Cloud Storage,9.99,2022-09-12,,True
12902,Premium Cloud Storage,14.99,2022-01-20,,True
12907,Premium Cloud Storage,14.99,2022-07-31,,True
12908,Premium Cloud Storage,14.99,2022-02-18,,True
12909,Premium Cloud Storage,14.99,2022-04-15,,True
12910,Premium Cloud Storage,14.99,2022-07-25,,True
12914,Premium Cloud Storage,14.99,2022-06-20,2023-01-22,False
12915,Premium Cloud Storage,9.99,2022-11-09,2023-07-03,False
12918,Premium Cloud Storage,9.99,2022-11-08,2022-12-26,False
12919,Premium Cloud Storage,14.99,2022-04-21,,True
12920,Premium Cloud Storage,14.99,2022-07-18,,True
12924,Premium Cloud Storage,14.99,2022-04-26,,True
12931,Premium Cloud Storage,9.99,2022-04-13,2022-10-07,False
12938,Premium Cloud Storage,9.99,2022-01-20,,True
12940,Premium Cloud Storage,14.99,2022-07-26,2023-02-14,False
12941,Premium Cloud Storage,9.99,2022-05-10,,True
12942,Premium Cloud Storage,14.99,2022-11-15,,True
12950,Premium Cloud Storage,9.99,2022-09-19,,True
12952,Premium Cloud Storage,9.99,2022-10-18,,True
12956,Premium Cloud Storage,9.99,2022-05-29,,True
12961,Premium Cloud Storage,14.99,2022-06-02,,True
12962,Premium Cloud Storage,14.99,2022-10-24,,True
12967,Premium Cloud Storage,9.99,2022-12-12,,True
12968,Premium Cloud Storage,9.99,2022-07-27,,True
12971,Premium Cloud Storage,14.99,2022-10-09,2022-12-16,False
12972,Premium Cloud Storage,9.99,2022-08-21,,True
12973,Premium Cloud Storage,9.99,2022-06-09,,True
12976,Premium Cloud Storage,9.99,2022-12-11,,True
12981,Premium Cloud Storage,14.99,2022-08-06,,True
12983,Premium Cloud Storage,9.99,2022-01-24,,True
12985,Premium Cloud Storage,9.99,2023-01-07,,True
12986,Premium Cloud Storage,14.99,2022-04-06,,True
12988,Premium Cloud Storage,9.99,2022-12-02,2023-04-17,False
12993,Premium Cloud Storage,14.99,2022-12-14,,True
12995,Premium Cloud Storage,9.99,2022-08-15,2022-11-16,False
12998,Premium Cloud Storage,14.99,2022-07-27,2022-10-25,False
12999,Premium Cloud Storage,9.99,2022-09-27,,True
13002,Premium Cloud Storage,14.99,2022-09-01,,True
13007,Premium Cloud Storage,14.99,2022-01-26,,True
13008,Premium Cloud Storage,9.99,2022-09-27,,True
13013,Premium Cloud Storage,14.99,2022-02-06,,True
13017,Premium Cloud Storage,9.99,2022-05-23,,True
13021,Premium Cloud Storage,9.99,2022-08-06,2022-11-22,False
13027,Premium Cloud Storage,9.99,2022-07-26,2022-10-02,False
13029,Premium Cloud Storage,9.99,2022-12-02,2023-03-07,False
13032,Premium Cloud Storage,9.99,2022-12-14,,True
13033,Premium Cloud Storage,14.99,2022-02-01,,True
13034,Premium Cloud Storage,14.99,2022-05-23,,True
13037,Premium Cloud Storage,9.99,2022-10-05,2023-03-30,False
13042,Premium Cloud Storage,14.99,2022-06-16,,True
13046,Premium Cloud Storage,9.99,2022-09-01,,True
13047,Premium Cloud Storage,14.99,2022-11-03,,True
13049,Premium Cloud Storage,14.99,2022-11-13,,True
13050,Premium Cloud Storage,14.99,2022-04-24,,True
13053,Premium Cloud Storage,14.99,2022-11-21,,True
13055,Premium Cloud Storage,9.99,2022-08-21,2023-01-18,False
13057,Premium Cloud Storage,14.99,2022-04-05,,True
13058,Premium Cloud Storage,14.99,2022-10-17,,True
13059,Premium Cloud Storage,9.99,2022-04-26,2022-09-17,False
13060,Premium Cloud Storage,14.99,2022-11-26,,True
13061,Premium Cloud Storage,14.99,2022-06-18,,True
13067,Premium Cloud Storage,9.99,2022-10-16,2023-02-05,False
13070,Premium Cloud Storage,9.99,2023-01-04,,True
13072,Premium Cloud Storage,14.99,2022-09-08,2022-11-16,False
13075,Premium Cloud Storage,9.99,2022-12-01,2023-05-21,False
13078,Premium Cloud Storage,14.99,2022-10-22,,True
13082,Premium Cloud Storage,14.99,2022-11-21,,True
13086,Premium Cloud Storage,9.99,2022-10-05,2023-05-17,False
13091,Premium Cloud Storage,9.99,2022-11-21,,True
13092,Premium Cloud Storage,14.99,2022-12-18,,True
13093,Premium Cloud Storage,9.99,2022-07-11,2022-11-29,False
13097,Premium Cloud Storage,14.99,2022-04-12,,True
13098,Premium Cloud Storage,14.99,2022-09-20,,True
13099,Premium Cloud Storage,9.99,2022-12-23,,True
13100,Premium Cloud Storage,14.99,2022-10-26,,True
13108,Premium Cloud Storage,9.99,2022-06-02,2022-12-08,False
13111,Premium Cloud Storage,14.99,2022-09-09,,True
13116,Premium Cloud Storage,9.99,2022-07-30,2022-10-27,False
13118,Premium Cloud Storage,14.99,2022-05-06,,True
13119,Premium Cloud Storage,14.99,2022-03-23,,True
13120,Premium Cloud Storage,14.99,2022-05-14,,True
13122,Premium Cloud Storage,14.99,2022-07-05,,True
13124,Premium Cloud Storage,9.99,2022-07-20,,True
13127,Premium Cloud Storage,14.99,2022-07-11,,True
13129,Premium Cloud Storage,9.99,2022-09-16,2023-02-23,False
13134,Premium Cloud Storage,14.99,2022-10-14,,True
13137,Premium Cloud Storage,9.99,2022-05-07,,True
13138,Premium Cloud Storage,9.99,2022-08-08,2023-01-21,False
13155,Premium Cloud Storage,9.99,2022-05-04,2022-09-30,False
13158,Premium Cloud Storage,9.99,2022-07-30,2022-10-29,False
13162,Premium Cloud Storage,14.99,2022-01-29,,True
13164,Premium Cloud Storage,14.99,2022-06-08,,True
13170,Premium Cloud Storage,9.99,2022-07-28,2023-02-23,False
13175,Premium Cloud Storage,14.99,2022-01-14,,True
13176,Premium Cloud Storage,9.99,2022-02-20,2022-07-17,False
13179,Premium Cloud Storage,9.99,2022-03-08,,True
13182,Premium Cloud Storage,14.99,2022-04-13,,True
13183,Premium Cloud Storage,14.99,2022-12-03,,True
13184,Premium Cloud Storage,9.99,2022-07-02,2023-02-24,False
13186,Premium Cloud Storage,14.99,2022-12-07,,True
13190,Premium Cloud Storage,14.99,2022-07-19,,True
13192,Premium Cloud Storage,9.99,2022-10-19,2022-12-26,False
13193,Premium Cloud Storage,14.99,2022-07-09,,True
13197,Premium Cloud Storage,9.99,2022-02-19,,True
13198,Premium Cloud Storage,14.99,2022-05-01,,True
13200,Premium Cloud Storage,9.99,2022-01-11,,True
13210,Premium Cloud Storage,14.99,2022-12-05,,True
13212,Premium Cloud Storage,14.99,2022-09-19,,True
13215,Premium Cloud Storage,14.99,2022-01-18,2022-08-22,False
13216,Premium Cloud Storage,14.99,2022-04-04,,True
13217,Premium Cloud Storage,14.99,2022-12-19,,True
13218,Premium Cloud Storage,9.99,2022-12-26,2023-08-11,False
13221,Premium Cloud Storage,14.99,2022-03-27,2022-05-30,False
13222,Premium Cloud Storage,14.99,2022-08-29,,True
13224,Premium Cloud Storage,14.99,2022-04-27,,True
13226,Premium Cloud Storage,14.99,2022-10-08,,True
13245,Premium Cloud Storage,14.99,2022-07-26,2022-09-23,False
13251,Premium Cloud Storage,14.99,2022-08-23,,True
13256,Premium Cloud Storage,9.99,2022-03-14,,True
13259,Premium Cloud Storage,9.99,2022-09-14,,True
13260,Premium Cloud Storage,14.99,2022-09-15,,True
13264,Premium Cloud Storage,9.99,2022-07-11,,True
13269,Premium Cloud Storage,9.99,2022-05-01,,True
13271,Premium Cloud Storage,14.99,2022-08-29,,True
13275,Premium Cloud Storage,9.99,2022-05-21,2022-10-23,False
13276,Premium Cloud Storage,9.99,2022-03-17,2022-07-10,False
13286,Premium Cloud Storage,14.99,2022-05-15,,True
13295,Premium Cloud Storage,14.99,2022-03-12,,True
13298,Premium Cloud Storage,14.99,2022-09-01,,True
13301,Premium Cloud Storage,9.99,2022-02-07,,True
13307,Premium Cloud Storage,14.99,2022-02-20,,True
13308,Premium Cloud Storage,14.99,2022-12-04,,True
13315,Premium Cloud Storage,9.99,2022-10-17,2023-05-03,False
13317,Premium Cloud Storage,14.99,2022-06-13,,True
13322,Premium Cloud Storage,9.99,2022-11-18,,True
13325,Premium Cloud Storage,9.99,2022-05-29,,True
13332,Premium Cloud Storage,14.99,2022-03-10,,True
13333,Premium Cloud Storage,14.99,2022-02-23,2022-05-01,False
13336,Premium Cloud Storage,9.99,2022-02-24,,True
13337,Premium Cloud Storage,9.99,2022-07-02,,True
13342,Premium Cloud Storage,9.99,2022-05-29,,True
13347,Premium Cloud Storage,14.99,2022-04-03,,True
13350,Premium Cloud Storage,14.99,2022-03-08,,True
13351,Premium Cloud Storage,9.99,2022-04-07,2022-10-23,False
13355,Premium Cloud Storage,14.99,2022-07-25,,True
13360,Premium Cloud Storage,9.99,2022-11-11,2022-12-28,False
13366,Premium Cloud Storage,14.99,2022-02-08,,True
13370,Premium Cloud Storage,14.99,2022-02-11,,True
13372,Premium Cloud Storage,14.99,2022-08-29,,True
13375,Premium Cloud Storage,9.99,2022-11-26,2023-05-14,False
13377,Premium Cloud Storage,14.99,2022-12-11,,True
13386,Premium Cloud Storage,14.99,2022-10-28,,True
13388,Premium Cloud Storage,14.99,2022-05-12,,True
13390,Premium Cloud Storage,14.99,2022-12-08,,True
13400,Premium Cloud Storage,14.99,2022-02-05,,True
13403,Premium Cloud Storage,14.99,2022-12-05,,True
13408,Premium Cloud Storage,14.99,2022-06-28,,True
13409,Premium Cloud Storage,14.99,2022-06-05,,True
13411,Premium Cloud Storage,14.99,2022-03-02,,True
13413,Premium Cloud Storage,14.99,2022-06-11,2022-09-25,False
13415,Premium Cloud Storage,9.99,2022-11-20,2023-06-08,False
13416,Premium Cloud Storage,14.99,2022-06-24,,True
13418,Premium Cloud Storage,14.99,2022-04-03,,True
13422,Premium Cloud Storage,9.99,2022-04-26,2022-11-07,False
13423,Premium Cloud Storage,14.99,2023-01-06,,True
13433,Premium Cloud Storage,9.99,2022-10-12,,True
13449,Premium Cloud Storage,14.99,2022-09-22,,True
13451,Premium Cloud Storage,9.99,2022-07-06,,True
13453,Premium Cloud Storage,14.99,2022-02-25,,True
13454,Premium Cloud Storage,9.99,2022-08-07,,True
13460,Premium Cloud Storage,14.99,2022-04-19,,True
13461,Premium Cloud Storage,14.99,2022-11-05,,True
13465,Premium Cloud Storage,9.99,2022-04-09,,True
13466,Premium Cloud Storage,9.99,2022-09-27,,True
13467,Premium Cloud Storage,9.99,2022-02-05,,True
13470,Premium Cloud Storage,14.99,2022-08-30,,True
13474,Premium Cloud Storage,9.99,2022-11-15,2023-03-03,False
13475,Premium Cloud Storage,9.99,2022-08-17,2023-01-09,False
13479,Premium Cloud Storage,9.99,2022-04-07,,True
13480,Premium Cloud Storage,14.99,2022-11-13,,True
13482,Premium Cloud Storage,14.99,2022-09-16,,True
13485,Premium Cloud Storage,9.99,2022-02-26,,True
13488,Premium Cloud Storage,14.99,2022-03-21,2022-05-12,False
13490,Premium Cloud Storage,14.99,2022-11-01,,True
13492,Premium Cloud Storage,9.99,2022-10-06,,True
13498,Premium Cloud Storage,14.99,2022-05-07,,True
13502,Premium Cloud Storage,9.99,2022-03-31,,True
13505,Premium Cloud Storage,9.99,2022-03-20,,True
13506,Premium Cloud Storage,9.99,2022-07-05,2022-12-20,False
13507,Premium Cloud Storage,9.99,2022-07-14,2022-12-07,False
13509,Premium Cloud Storage,14.99,2022-10-09,,True
13511,Premium Cloud Storage,14.99,2022-10-22,,True
13519,Premium Cloud Storage,14.99,2022-10-17,,True
13521,Premium Cloud Storage,9.99,2022-04-20,,True
13523,Premium Cloud Storage,14.99,2022-12-24,,True
13524,Premium Cloud Storage,14.99,2022-09-10,,True
13526,Premium Cloud Storage,9.99,2022-08-14,,True
13530,Premium Cloud Storage,14.99,2022-06-01,,True
13531,Premium Cloud Storage,9.99,2022-10-14,2023-04-17,False
13536,Premium Cloud Storage,14.99,2022-10-13,,True
13540,Premium Cloud Storage,14.99,2022-10-23,,True
13541,Premium Cloud Storage,9.99,2022-03-30,,True
13542,Premium Cloud Storage,14.99,2022-10-04,2022-11-14,False
13546,Premium Cloud Storage,14.99,2022-09-03,,True
13551,Premium Cloud Storage,14.99,2022-12-01,2023-07-13,False
13553,Premium Cloud Storage,9.99,2022-02-18,2022-07-05,False
13556,Premium Cloud Storage,14.99,2022-12-11,,True
13557,Premium Cloud Storage,9.99,2022-03-05,2022-06-17,False
13558,Premium Cloud Storage,14.99,2022-11-05,,True
13559,Premium Cloud Storage,9.99,2022-12-31,,True
13566,Premium Cloud Storage,9.99,2022-02-13,,True
13568,Premium Cloud Storage,9.99,2022-02-17,,True
13572,Premium Cloud Storage,9.99,2022-05-25,,True
13573,Premium Cloud Storage,9.99,2022-03-23,,True
13575,Premium Cloud Storage,14.99,2022-03-22,,True
13578,Premium Cloud Storage,9.99,2022-04-06,,True
13582,Premium Cloud Storage,14.99,2022-03-22,2022-09-28,False
13588,Premium Cloud Storage,14.99,2022-07-18,2022-11-11,False
13591,Premium Cloud Storage,14.99,2022-04-19,2022-12-14,False
13593,Premium Cloud Storage,9.99,2022-11-16,,True
13594,Premium Cloud Storage,9.99,2022-09-27,2022-12-22,False
13595,Premium Cloud Storage,9.99,2022-04-10,,True
13597,Premium Cloud Storage,9.99,2022-05-09,,True
13598,Premium Cloud Storage,14.99,2022-05-24,,True
13600,Premium Cloud Storage,14.99,2022-07-20,2022-11-22,False
13605,Premium Cloud Storage,14.99,2022-02-12,,True
13609,Premium Cloud Storage,9.99,2022-07-27,,True
13616,Premium Cloud Storage,9.99,2022-04-05,,True
13617,Premium Cloud Storage,9.99,2022-03-07,2022-10-18,False
13621,Premium Cloud Storage,14.99,2022-11-29,,True
13622,Premium Cloud Storage,14.99,2022-08-25,2023-03-02,False
13624,Premium Cloud Storage,14.99,2022-05-21,,True
13625,Premium Cloud Storage,14.99,2022-05-04,,True
13629,Premium Cloud Storage,9.99,2022-07-11,,True
13631,Premium Cloud Storage,14.99,2022-09-04,,True
13632,Premium Cloud Storage,9.99,2022-12-12,2023-02-10,False
13637,Premium Cloud Storage,14.99,2022-04-29,,True
13639,Premium Cloud Storage,14.99,2022-02-01,,True
13640,Premium Cloud Storage,14.99,2022-06-04,,True
13645,Premium Cloud Storage,14.99,2022-06-21,,True
13648,Premium Cloud Storage,9.99,2022-01-21,,True
13649,Premium Cloud Storage,9.99,2022-10-17,2023-04-25,False
13650,Premium Cloud Storage,9.99,2022-09-24,,True
13652,Premium Cloud Storage,9.99,2022-09-02,,True
13654,Premium Cloud Storage,14.99,2022-08-31,2023-03-13,False
13656,Premium Cloud Storage,14.99,2022-12-04,,True
13663,Premium Cloud Storage,14.99,2022-11-15,,True
13670,Premium Cloud Storage,14.99,2022-07-03,,True
13671,Premium Cloud Storage,14.99,2022-01-13,,True
13675,Premium Cloud Storage,14.99,2022-12-28,,True
13677,Premium Cloud Storage,14.99,2022-03-17,,True
13679,Premium Cloud Storage,14.99,2022-02-07,,True
13681,Premium Cloud Storage,14.99,2022-01-13,,True
13682,Premium Cloud Storage,9.99,2022-12-18,,True
13684,Premium Cloud Storage,9.99,2022-02-12,,True
13686,Premium Cloud Storage,9.99,2022-06-21,,True
13692,Premium Cloud Storage,9.99,2022-09-29,,True
13693,Premium Cloud Storage,14.99,2022-02-07,,True
13694,Premium Cloud Storage,14.99,2022-01-23,2022-09-10,False
13708,Premium Cloud Storage,14.99,2022-09-30,2023-05-05,False
13709,Premium Cloud Storage,9.99,2022-01-19,,True
13710,Premium Cloud Storage,14.99,2022-10-14,,True
13711,Premium Cloud Storage,9.99,2022-10-07,,True
13715,Premium Cloud Storage,14.99,2022-05-12,2022-12-19,False
13719,Premium Cloud Storage,14.99,2022-08-04,,True
13720,Premium Cloud Storage,14.99,2022-01-18,,True
13722,Premium Cloud Storage,9.99,2022-01-17,2022-04-05,False
13728,Premium Cloud Storage,14.99,2022-12-11,,True
13729,Premium Cloud Storage,9.99,2022-05-23,2022-11-14,False
13738,Premium Cloud Storage,9.99,2022-05-01,,True
13740,Premium Cloud Storage,9.99,2022-08-31,,True
13749,Premium Cloud Storage,9.99,2022-06-12,,True
13752,Premium Cloud Storage,14.99,2022-11-15,2023-02-11,False
13754,Premium Cloud Storage,14.99,2022-06-04,,True
13759,Premium Cloud Storage,9.99,2022-12-25,2023-08-17,False
13763,Premium Cloud Storage,14.99,2022-07-07,,True
13765,Premium Cloud Storage,14.99,2022-10-06,,True
13768,Premium Cloud Storage,14.99,2022-08-28,,True
13771,Premium Cloud Storage,9.99,2022-02-27,,True
13772,Premium Cloud Storage,14.99,2022-08-05,,True
13778,Premium Cloud Storage,9.99,2022-01-27,,True
13779,Premium Cloud Storage,9.99,2022-02-26,,True
13781,Premium Cloud Storage,14.99,2022-02-25,,True
13791,Premium Cloud Storage,14.99,2022-05-20,,True
13792,Premium Cloud Storage,9.99,2022-12-08,,True
13797,Premium Cloud Storage,14.99,2022-05-17,2022-10-07,False
13799,Premium Cloud Storage,9.99,2022-11-15,2023-06-29,False
13800,Premium Cloud Storage,14.99,2022-04-08,,True
13807,Premium Cloud Storage,14.99,2022-09-25,,True
13809,Premium Cloud Storage,14.99,2022-09-13,,True
13812,Premium Cloud Storage,14.99,2022-07-03,,True
13816,Premium Cloud Storage,14.99,2022-07-16,,True
13818,Premium Cloud Storage,9.99,2022-09-23,,True
13819,Premium Cloud Storage,9.99,2022-04-18,,True
13820,Premium Cloud Storage,14.99,2022-05-14,,True
13826,Premium Cloud Storage,9.99,2022-03-11,,True
13828,Premium Cloud Storage,9.99,2022-02-03,2022-07-07,False
13831,Premium Cloud Storage,9.99,2022-04-08,,True
13833,Premium Cloud Storage,14.99,2022-08-05,,True
13835,Premium Cloud Storage,14.99,2022-10-04,,True
13836,Premium Cloud Storage,9.99,2022-10-27,2022-12-13,False
13840,Premium Cloud Storage,9.99,2022-10-28,,True
13842,Premium Cloud Storage,9.99,2022-05-02,,True
13843,Premium Cloud Storage,9.99,2022-07-30,,True
13844,Premium Cloud Storage,14.99,2022-07-30,2022-09-23,False
13847,Premium Cloud Storage,9.99,2022-12-23,,True
13851,Premium Cloud Storage,14.99,2022-09-18,,True
13854,Premium Cloud Storage,9.99,2022-08-26,2022-12-15,False
13855,Premium Cloud Storage,14.99,2022-06-24,,True
13856,Premium Cloud Storage,14.99,2022-01-18,,True
13858,Premium Cloud Storage,9.99,2022-07-25,2022-09-08,False
13863,Premium Cloud Storage,14.99,2022-12-02,2023-03-04,False
13864,Premium Cloud Storage,14.99,2022-11-21,,True
13868,Premium Cloud Storage,9.99,2022-06-09,,True
13870,Premium Cloud Storage,14.99,2022-10-20,,True
13874,Premium Cloud Storage,14.99,2022-05-08,,True
13876,Premium Cloud Storage,14.99,2022-08-04,,True
13883,Premium Cloud Storage,14.99,2022-04-12,,True
13886,Premium Cloud Storage,9.99,2022-04-24,,True
13889,Premium Cloud Storage,9.99,2022-02-26,,True
13893,Premium Cloud Storage,9.99,2022-01-11,,True
13894,Premium Cloud Storage,9.99,2022-02-24,2022-04-18,False
13896,Premium Cloud Storage,14.99,2022-07-28,,True
13907,Premium Cloud Storage,14.99,2022-08-09,,True
13909,Premium Cloud Storage,14.99,2022-12-11,,True
13910,Premium Cloud Storage,14.99,2022-11-12,,True
13914,Premium Cloud Storage,9.99,2022-10-29,2022-12-31,False
13919,Premium Cloud Storage,9.99,2022-07-11,2023-02-23,False
13921,Premium Cloud Storage,9.99,2022-07-29,2022-12-17,False
13925,Premium Cloud Storage,14.99,2022-09-23,2023-01-29,False
13928,Premium Cloud Storage,9.99,2022-12-01,2023-07-15,False
13929,Premium Cloud Storage,14.99,2022-05-26,,True
13931,Premium Cloud Storage,14.99,2022-12-04,,True
13933,Premium Cloud Storage,14.99,2022-12-04,,True
13935,Premium Cloud Storage,9.99,2022-04-07,,True
13943,Premium Cloud Storage,14.99,2022-03-10,,True
13945,Premium Cloud Storage,14.99,2022-05-02,,True
13946,Premium Cloud Storage,9.99,2022-07-01,,True
13949,Premium Cloud Storage,14.99,2022-07-16,,True
13954,Premium Cloud Storage,14.99,2022-05-20,,True
13958,Premium Cloud Storage,14.99,2022-11-03,,True
13968,Premium Cloud Storage,9.99,2022-01-20,,True
13969,Premium Cloud Storage,14.99,2022-07-07,,True
13972,Premium Cloud Storage,14.99,2022-10-28,,True
13974,Premium Cloud Storage,14.99,2022-02-28,,True
13975,Premium Cloud Storage,9.99,2022-07-25,2022-10-15,False
13976,Premium Cloud Storage,14.99,2022-01-24,,True
13978,Premium Cloud Storage,14.99,2022-03-09,2022-09-13,False
13982,Premium Cloud Storage,14.99,2022-11-24,,True
13987,Premium Cloud Storage,9.99,2022-02-18,,True
13991,Premium Cloud Storage,14.99,2022-08-02,,True
13992,Premium Cloud Storage,9.99,2022-04-14,,True
13996,Premium Cloud Storage,14.99,2022-05-26,,True
13997,Premium Cloud Storage,14.99,2022-05-19,,True
14001,Premium Cloud Storage,9.99,2022-08-25,2023-01-20,False
14002,Premium Cloud Storage,9.99,2022-10-16,,True
14003,Premium Cloud Storage,14.99,2022-06-26,,True
14004,Premium Cloud Storage,14.99,2022-11-15,,True
14005,Premium Cloud Storage,14.99,2022-02-15,,True
14013,Premium Cloud Storage,14.99,2022-01-25,,True
14015,Premium Cloud Storage,14.99,2022-02-06,,True
14017,Premium Cloud Storage,9.99,2022-08-30,,True
14018,Premium Cloud Storage,14.99,2022-01-10,,True
14024,Premium Cloud Storage,9.99,2022-11-11,,True
14026,Premium Cloud Storage,14.99,2022-09-24,,True
14027,Premium Cloud Storage,14.99,2022-05-31,2022-09-28,False
14028,Premium Cloud Storage,9.99,2022-01-25,2022-02-28,False
14034,Premium Cloud Storage,14.99,2023-01-05,,True
14037,Premium Cloud Storage,9.99,2022-12-25,,True
14040,Premium Cloud Storage,9.99,2022-02-22,,True
14041,Premium Cloud Storage,14.99,2022-06-12,2022-10-02,False
14045,Premium Cloud Storage,9.99,2022-08-15,,True
14046,Premium Cloud Storage,14.99,2022-08-07,,True
14049,Premium Cloud Storage,14.99,2022-12-25,,True
14050,Premium Cloud Storage,9.99,2022-03-11,,True
14051,Premium Cloud Storage,9.99,2022-12-28,,True
14052,Premium Cloud Storage,9.99,2022-08-31,,True
14054,Premium Cloud Storage,9.99,2022-07-16,,True
14055,Premium Cloud Storage,14.99,2022-01-25,2022-03-18,False
14059,Premium Cloud Storage,9.99,2023-01-05,2023-07-08,False
14060,Premium Cloud Storage,14.99,2022-03-04,,True
14061,Premium Cloud Storage,14.99,2022-09-03,2023-03-15,False
14065,Premium Cloud Storage,14.99,2022-09-25,,True
14066,Premium Cloud Storage,14.99,2022-11-15,2023-05-31,False
14072,Premium Cloud Storage,9.99,2022-04-01,2022-11-26,False
14073,Premium Cloud Storage,9.99,2022-04-30,2022-07-26,False
14076,Premium Cloud Storage,9.99,2022-07-12,2023-02-24,False
14079,Premium Cloud Storage,14.99,2022-08-21,,True
14081,Premium Cloud Storage,14.99,2022-03-08,,True
14086,Premium Cloud Storage,14.99,2022-10-19,,True
14090,Premium Cloud Storage,9.99,2022-02-18,2022-08-25,False
14091,Premium Cloud Storage,14.99,2022-04-25,2022-08-15,False
14093,Premium Cloud Storage,9.99,2022-09-21,,True
14101,Premium Cloud Storage,9.99,2022-09-03,2023-02-11,False
14106,Premium Cloud Storage,9.99,2022-06-27,,True
14107,Premium Cloud Storage,14.99,2022-07-24,,True
14108,Premium Cloud Storage,9.99,2022-08-30,,True
14110,Premium Cloud Storage,9.99,2022-12-06,2023-03-26,False
14112,Premium Cloud Storage,14.99,2023-01-07,,True
14113,Premium Cloud Storage,14.99,2022-04-21,,True
14114,Premium Cloud Storage,9.99,2022-08-24,2022-10-14,False
14120,Premium Cloud Storage,14.99,2022-08-10,2023-01-28,False
14121,Premium Cloud Storage,9.99,2022-10-28,2023-03-11,False
14123,Premium Cloud Storage,9.99,2022-07-27,,True
14125,Premium Cloud Storage,9.99,2022-11-27,,True
14127,Premium Cloud Storage,9.99,2022-05-21,2022-11-02,False
14128,Premium Cloud Storage,14.99,2022-05-05,2022-10-31,False
14129,Premium Cloud Storage,14.99,2022-09-23,,True
14130,Premium Cloud Storage,14.99,2022-03-14,,True
14134,Premium Cloud Storage,9.99,2022-01-11,2022-04-04,False
14137,Premium Cloud Storage,14.99,2022-08-11,,True
14138,Premium Cloud Storage,9.99,2022-01-13,,True
14140,Premium Cloud Storage,14.99,2022-06-19,,True
14148,Premium Cloud Storage,9.99,2022-04-20,2022-11-10,False
14152,Premium Cloud Storage,9.99,2022-09-03,,True
14155,Premium Cloud Storage,14.99,2022-06-28,,True
14158,Premium Cloud Storage,9.99,2023-01-02,2023-08-24,False
14162,Premium Cloud Storage,9.99,2022-06-19,2022-10-05,False
14165,Premium Cloud Storage,14.99,2022-12-12,,True
14169,Premium Cloud Storage,14.99,2022-07-24,,True
14174,Premium Cloud Storage,9.99,2022-08-05,,True
14184,Premium Cloud Storage,14.99,2022-05-23,,True
14190,Premium Cloud Storage,9.99,2022-12-20,,True
14193,Premium Cloud Storage,9.99,2022-09-06,,True
14194,Premium Cloud Storage,9.99,2023-01-06,,True
14199,Premium Cloud Storage,9.99,2022-02-10,2022-05-07,False
14209,Premium Cloud Storage,14.99,2022-04-21,,True
14210,Premium Cloud Storage,14.99,2022-03-21,,True
14212,Premium Cloud Storage,9.99,2022-01-22,2022-08-13,False
14214,Premium Cloud Storage,9.99,2022-08-05,,True
14216,Premium Cloud Storage,14.99,2022-08-05,,True
14230,Premium Cloud Storage,9.99,2022-06-24,2022-07-26,False
14231,Premium Cloud Storage,9.99,2022-06-04,2022-12-21,False
14236,Premium Cloud Storage,14.99,2022-09-22,,True
14238,Premium Cloud Storage,9.99,2022-04-10,2022-11-24,False
14245,Premium Cloud Storage,9.99,2022-08-10,,True
14257,Premium Cloud Storage,9.99,2022-06-05,2022-07-11,False
14258,Premium Cloud Storage,14.99,2022-10-27,,True
14259,Premium Cloud Storage,9.99,2022-08-16,,True
14267,Premium Cloud Storage,14.99,2022-02-24,,True
14268,Premium Cloud Storage,9.99,2022-12-07,,True
14272,Premium Cloud Storage,14.99,2022-05-17,,True
14277,Premium Cloud Storage,14.99,2022-02-11,,True
14280,Premium Cloud Storage,14.99,2022-07-18,,True
14281,Premium Cloud Storage,9.99,2022-12-20,2023-04-17,False
14282,Premium Cloud Storage,14.99,2022-06-18,,True
14283,Premium Cloud Storage,14.99,2022-03-06,,True
14284,Premium Cloud Storage,9.99,2022-09-27,,True
14291,Premium Cloud Storage,14.99,2022-01-04,,True
14294,Premium Cloud Storage,14.99,2022-12-09,,True
14299,Premium Cloud Storage,9.99,2022-06-07,2022-11-03,False
14308,Premium Cloud Storage,9.99,2022-11-05,,True
14314,Premium Cloud Storage,9.99,2022-03-24,,True
14315,Premium Cloud Storage,14.99,2022-09-29,,True
14316,Premium Cloud Storage,9.99,2022-09-03,,True
14328,Premium Cloud Storage,14.99,2022-10-12,,True
14330,Premium Cloud Storage,14.99,2022-06-08,,True
14335,Premium Cloud Storage,14.99,2023-01-03,2023-02-10,False
14336,Premium Cloud Storage,9.99,2022-12-07,,True
14342,Premium Cloud Storage,9.99,2022-09-13,,True
14345,Premium Cloud Storage,14.99,2022-01-29,,True
14347,Premium Cloud Storage,9.99,2022-12-18,2023-07-13,False
14349,Premium Cloud Storage,9.99,2022-01-14,2022-06-18,False
14359,Premium Cloud Storage,14.99,2022-08-23,,True
14362,Premium Cloud Storage,9.99,2022-02-15,,True
14365,Premium Cloud Storage,9.99,2022-09-09,2023-02-16,False
14366,Premium Cloud Storage,14.99,2022-04-03,,True
14371,Premium Cloud Storage,14.99,2022-01-18,,True
14372,Premium Cloud Storage,14.99,2022-11-19,2023-06-06,False
14378,Premium Cloud Storage,14.99,2022-07-18,2022-12-30,False
14379,Premium Cloud Storage,9.99,2022-05-21,2022-07-05,False
14381,Premium Cloud Storage,14.99,2022-10-26,,True
14384,Premium Cloud Storage,9.99,2022-07-07,,True
14385,Premium Cloud Storage,9.99,2022-01-08,,True
14388,Premium Cloud Storage,14.99,2022-09-14,,True
14389,Premium Cloud Storage,14.99,2022-01-25,,True
14395,Premium Cloud Storage,9.99,2022-06-06,,True
14397,Premium Cloud Storage,14.99,2022-09-19,,True
14400,Premium Cloud Storage,14.99,2022-03-18,2022-10-18,False
14401,Premium Cloud Storage,9.99,2022-10-30,,True
14407,Premium Cloud Storage,14.99,2022-02-14,,True
14408,Premium Cloud Storage,14.99,2022-07-13,,True
14410,Premium Cloud Storage,14.99,2022-12-02,,True
14411,Premium Cloud Storage,14.99,2022-09-27,,True
14419,Premium Cloud Storage,14.99,2022-05-06,,True
14422,Premium Cloud Storage,9.99,2022-02-19,,True
14423,Premium Cloud Storage,9.99,2022-11-07,,True
14425,Premium Cloud Storage,14.99,2022-04-15,,True
14426,Premium Cloud Storage,14.99,2022-11-23,,True
14428,Premium Cloud Storage,14.99,2022-12-06,,True
14433,Premium Cloud Storage,9.99,2022-09-16,,True
14435,Premium Cloud Storage,14.99,2022-09-23,,True
14436,Premium Cloud Storage,14.99,2022-12-09,,True
14438,Premium Cloud Storage,9.99,2022-09-22,2022-11-13,False
14439,Premium Cloud Storage,14.99,2022-11-15,,True
14440,Premium Cloud Storage,9.99,2022-03-27,2022-05-04,False
14444,Premium Cloud Storage,9.99,2022-11-19,,True
14448,Premium Cloud Storage,14.99,2022-12-04,,True
14449,Premium Cloud Storage,9.99,2022-12-20,,True
14454,Premium Cloud Storage,9.99,2022-05-07,,True
14457,Premium Cloud Storage,14.99,2022-11-27,,True
14459,Premium Cloud Storage,9.99,2022-09-10,,True
14462,Premium Cloud Storage,9.99,2022-01-27,,True
14465,Premium Cloud Storage,14.99,2022-10-11,,True
14470,Premium Cloud Storage,9.99,2022-03-17,,True
14471,Premium Cloud Storage,9.99,2022-11-13,,True
14473,Premium Cloud Storage,14.99,2022-10-09,,True
14477,Premium Cloud Storage,14.99,2022-04-17,,True
14478,Premium Cloud Storage,9.99,2022-11-24,,True
14480,Premium Cloud Storage,14.99,2022-05-12,,True
14482,Premium Cloud Storage,9.99,2022-03-10,,True
14486,Premium Cloud Storage,14.99,2022-08-03,2022-09-05,False
14488,Premium Cloud Storage,9.99,2022-01-08,,True
14497,Premium Cloud Storage,14.99,2022-06-05,,True
14505,Premium Cloud Storage,14.99,2022-05-24,,True
14510,Premium Cloud Storage,14.99,2022-11-23,,True
14514,Premium Cloud Storage,9.99,2022-05-20,2022-12-14,False
14516,Premium Cloud Storage,9.99,2022-05-08,,True
14521,Premium Cloud Storage,9.99,2022-04-22,2022-11-23,False
14529,Premium Cloud Storage,14.99,2022-01-27,,True
14531,Premium Cloud Storage,14.99,2022-04-18,2022-10-11,False
14534,Premium Cloud Storage,9.99,2022-07-03,2022-08-10,False
14537,Premium Cloud Storage,9.99,2022-03-06,2022-05-03,False
14538,Premium Cloud Storage,14.99,2022-07-10,,True
14540,Premium Cloud Storage,14.99,2022-11-20,,True
14542,Premium Cloud Storage,14.99,2022-12-28,,True
14543,Premium Cloud Storage,14.99,2022-11-26,,True
14544,Premium Cloud Storage,9.99,2022-03-22,,True
14546,Premium Cloud Storage,14.99,2022-10-10,2023-01-27,False
14555,Premium Cloud Storage,9.99,2022-12-18,,True
14556,Premium Cloud Storage,9.99,2022-10-19,,True
14557,Premium Cloud Storage,9.99,2022-07-04,2022-08-29,False
14559,Premium Cloud Storage,9.99,2022-07-20,,True
14567,Premium Cloud Storage,14.99,2022-03-16,,True
14572,Premium Cloud Storage,14.99,2022-10-18,,True
14574,Premium Cloud Storage,9.99,2022-11-29,,True
14575,Premium Cloud Storage,14.99,2022-10-02,2023-01-25,False
14586,Premium Cloud Storage,14.99,2022-10-02,,True
14587,Premium Cloud Storage,14.99,2022-02-11,,True
14590,Premium Cloud Storage,9.99,2022-06-17,,True
14591,Premium Cloud Storage,14.99,2022-01-19,,True
14593,Premium Cloud Storage,14.99,2022-08-28,,True
14596,Premium Cloud Storage,9.99,2022-11-26,,True
14597,Premium Cloud Storage,14.99,2022-08-09,,True
14599,Premium Cloud Storage,14.99,2022-12-27,,True
14606,Premium Cloud Storage,9.99,2022-06-27,2022-10-07,False
14607,Premium Cloud Storage,14.99,2022-09-10,,True
14611,Premium Cloud Storage,14.99,2022-10-15,,True
14612,Premium Cloud Storage,9.99,2022-04-26,,True
14613,Premium Cloud Storage,14.99,2022-08-11,,True
14614,Premium Cloud Storage,14.99,2022-08-30,2022-11-04,False
14618,Premium Cloud Storage,14.99,2022-03-06,,True
14619,Premium Cloud Storage,9.99,2022-02-15,2022-08-07,False
14620,Premium Cloud Storage,9.99,2022-09-21,2022-10-27,False
14621,Premium Cloud Storage,9.99,2022-02-16,,True
14623,Premium Cloud Storage,9.99,2022-08-17,,True
14625,Premium Cloud Storage,9.99,2022-08-25,,True
14627,Premium Cloud Storage,9.99,2022-09-13,2023-02-22,False
14638,Premium Cloud Storage,9.99,2022-04-05,,True
14639,Premium Cloud Storage,9.99,2022-09-14,,True
14645,Premium Cloud Storage,9.99,2022-03-14,2022-06-17,False
14647,Premium Cloud Storage,14.99,2022-10-13,,True
14649,Premium Cloud Storage,14.99,2022-04-03,2022-09-08,False
14650,Premium Cloud Storage,14.99,2022-05-07,,True
14651,Premium Cloud Storage,9.99,2022-07-05,,True
14654,Premium Cloud Storage,14.99,2022-11-24,,True
14657,Premium Cloud Storage,9.99,2022-10-31,,True
14658,Premium Cloud Storage,14.99,2022-10-25,,True
14660,Premium Cloud Storage,9.99,2022-07-04,2022-12-14,False
14664,Premium Cloud Storage,9.99,2022-06-05,,True
14665,Premium Cloud Storage,9.99,2022-11-04,,True
14666,Premium Cloud Storage,14.99,2022-10-13,,True
14677,Premium Cloud Storage,9.99,2022-07-08,,True
14683,Premium Cloud Storage,14.99,2022-11-05,2023-04-30,False
14686,Premium Cloud Storage,14.99,2022-07-14,,True
14687,Premium Cloud Storage,14.99,2022-05-08,,True
14688,Premium Cloud Storage,9.99,2022-12-07,2023-01-26,False
14689,Premium Cloud Storage,9.99,2022-07-30,,True
14693,Premium Cloud Storage,9.99,2022-11-29,2023-07-09,False
14694,Premium Cloud Storage,9.99,2023-01-03,,True
14699,Premium Cloud Storage,9.99,2022-04-12,,True
14704,Premium Cloud Storage,9.99,2022-09-25,,True
14706,Premium Cloud Storage,9.99,2022-05-31,,True
14708,Premium Cloud Storage,9.99,2022-08-30,,True
14710,Premium Cloud Storage,9.99,2022-05-06,,True
14711,Premium Cloud Storage,9.99,2022-05-23,,True
14712,Premium Cloud Storage,14.99,2022-05-09,2022-10-05,False
14720,Premium Cloud Storage,14.99,2022-01-23,2022-02-26,False
14733,Premium Cloud Storage,9.99,2022-07-07,,True
14738,Premium Cloud Storage,14.99,2022-05-29,,True
14739,Premium Cloud Storage,9.99,2022-07-13,,True
14742,Premium Cloud Storage,14.99,2022-02-26,,True
14744,Premium Cloud Storage,14.99,2022-09-22,,True
14745,Premium Cloud Storage,14.99,2022-11-09,,True
14746,Premium Cloud Storage,14.99,2022-06-11,2022-08-19,False
14748,Premium Cloud Storage,14.99,2022-09-05,,True
14749,Premium Cloud Storage,9.99,2022-10-09,2023-02-26,False
14750,Premium Cloud Storage,14.99,2022-08-02,,True
14753,Premium Cloud Storage,9.99,2022-12-19,,True
14754,Premium Cloud Storage,9.99,2022-06-21,,True
14756,Premium Cloud Storage,14.99,2022-06-13,,True
14757,Premium Cloud Storage,9.99,2022-05-26,,True
14763,Premium Cloud Storage,14.99,2022-12-12,,True
14764,Premium Cloud Storage,9.99,2022-11-15,,True
14769,Premium Cloud Storage,14.99,2022-11-16,,True
14772,Premium Cloud Storage,14.99,2022-01-18,,True
14774,Premium Cloud Storage,14.99,2022-12-10,,True
14779,Premium Cloud Storage,14.99,2022-12-30,,True
14781,Premium Cloud Storage,14.99,2022-09-14,,True
14782,Premium Cloud Storage,9.99,2022-03-12,,True
14783,Premium Cloud Storage,14.99,2022-09-08,,True
14786,Premium Cloud Storage,9.99,2022-07-16,,True
14787,Premium Cloud Storage,9.99,2022-09-25,,True
14790,Premium Cloud Storage,14.99,2022-12-18,,True
14791,Premium Cloud Storage,9.99,2022-03-05,,True
14798,Premium Cloud Storage,14.99,2022-08-16,,True
14800,Premium Cloud Storage,14.99,2022-02-25,,True
14803,Premium Cloud Storage,14.99,2022-03-22,,True
14804,Premium Cloud Storage,9.99,2022-12-01,2023-04-05,False
14805,Premium Cloud Storage,9.99,2022-04-28,,True
14806,Premium Cloud Storage,14.99,2022-11-06,2023-04-21,False
14811,Premium Cloud Storage,9.99,2022-03-26,2022-09-07,False
14812,Premium Cloud Storage,14.99,2022-09-25,,True
14815,Premium Cloud Storage,9.99,2022-05-13,2022-06-22,False
14817,Premium Cloud Storage,9.99,2022-09-03,,True
14823,Premium Cloud Storage,14.99,2022-09-09,2023-03-14,False
14827,Premium Cloud Storage,14.99,2022-05-19,,True
14828,Premium Cloud Storage,14.99,2022-08-05,2023-01-24,False
14829,Premium Cloud Storage,9.99,2022-12-19,2023-04-11,False
14833,Premium Cloud Storage,14.99,2022-03-13,,True
14837,Premium Cloud Storage,9.99,2022-11-10,2023-06-15,False
14840,Premium Cloud Storage,9.99,2022-07-27,2023-02-23,False
14842,Premium Cloud Storage,14.99,2022-09-10,,True
14844,Premium Cloud Storage,14.99,2022-04-18,,True
14845,Premium Cloud Storage,14.99,2022-02-14,,True
14851,Premium Cloud Storage,14.99,2022-01-25,,True
14852,Premium Cloud Storage,9.99,2022-03-22,,True
14853,Premium Cloud Storage,14.99,2022-02-18,,True
14854,Premium Cloud Storage,9.99,2022-12-10,,True
14855,Premium Cloud Storage,14.99,2022-05-30,,True
14856,Premium Cloud Storage,14.99,2022-07-01,2022-12-28,False
14858,Premium Cloud Storage,9.99,2022-04-06,2022-11-15,False
14861,Premium Cloud Storage,9.99,2022-04-04,2022-06-16,False
14862,Premium Cloud Storage,14.99,2022-07-23,,True
14863,Premium Cloud Storage,14.99,2022-03-26,,True
14869,Premium Cloud Storage,9.99,2022-10-18,,True
14870,Premium Cloud Storage,14.99,2022-01-21,,True
14872,Premium Cloud Storage,14.99,2022-08-21,,True
14875,Premium Cloud Storage,9.99,2022-09-17,,True
14877,Premium Cloud Storage,9.99,2022-12-26,2023-06-02,False
14880,Premium Cloud Storage,14.99,2022-11-09,2022-12-09,False
14882,Premium Cloud Storage,9.99,2022-11-29,,True
14887,Premium Cloud Storage,9.99,2022-06-15,2022-10-16,False
14890,Premium Cloud Storage,14.99,2022-03-02,,True
14892,Premium Cloud Storage,9.99,2022-02-15,,True
14894,Premium Cloud Storage,14.99,2022-07-20,,True
14895,Premium Cloud Storage,14.99,2022-09-03,2023-01-05,False
14898,Premium Cloud Storage,14.99,2022-02-17,2022-06-04,False
14899,Premium Cloud Storage,9.99,2022-08-05,,True
14901,Premium Cloud Storage,9.99,2022-11-19,,True
14903,Premium Cloud Storage,14.99,2022-11-10,2023-05-14,False
14904,Premium Cloud Storage,9.99,2022-09-13,,True
14905,Premium Cloud Storage,14.99,2022-01-13,,True
14907,Premium Cloud Storage,14.99,2023-01-07,,True
14911,Premium Cloud Storage,9.99,2022-07-29,,True
14915,Premium Cloud Storage,9.99,2022-02-08,,True
14919,Premium Cloud Storage,14.99,2022-06-23,2022-08-12,False
14921,Premium Cloud Storage,9.99,2022-01-10,,True
14922,Premium Cloud Storage,9.99,2022-03-29,2022-07-19,False
14926,Premium Cloud Storage,9.99,2022-08-01,,True
14929,Premium Cloud Storage,9.99,2022-01-11,2022-08-15,False
14933,Premium Cloud Storage,9.99,2022-08-19,,True
14940,Premium Cloud Storage,14.99,2022-10-21,2023-01-26,False
14941,Premium Cloud Storage,9.99,2022-09-07,,True
14949,Premium Cloud Storage,9.99,2022-08-22,,True
14951,Premium Cloud Storage,14.99,2022-05-21,,True
14956,Premium Cloud Storage,14.99,2022-05-22,,True
14958,Premium Cloud Storage,14.99,2022-12-20,,True
14962,Premium Cloud Storage,14.99,2022-05-27,,True
14965,Premium Cloud Storage,14.99,2022-07-08,,True
14966,Premium Cloud Storage,9.99,2022-11-14,,True
14967,Premium Cloud Storage,9.99,2022-04-10,,True
14969,Premium Cloud Storage,9.99,2022-05-30,,True
14970,Premium Cloud Storage,9.99,2022-01-20,,True
14971,Premium Cloud Storage,9.99,2022-08-08,,True
14972,Premium Cloud Storage,9.99,2022-07-02,,True
14974,Premium Cloud Storage,14.99,2022-02-16,,True
14978,Premium Cloud Storage,14.99,2022-09-12,,True
14981,Premium Cloud Storage,14.99,2022-06-13,,True
14985,Premium Cloud Storage,14.99,2022-11-11,,True
14986,Premium Cloud Storage,9.99,2022-11-02,2023-04-11,False
14990,Premium Cloud Storage,9.99,2022-11-10,,True
14991,Premium Cloud Storage,9.99,2022-07-16,2023-01-10,False
14995,Premium Cloud Storage,9.99,2022-10-15,2023-04-20,False
14996,Premium Cloud Storage,14.99,2022-12-26,,True
14998,Premium Cloud Storage,9.99,2022-02-02,,True
